id,species,split_spp,url,shapefile_path,raster_path,majority_cat,single_cat,countries_raw,outside_range,post_2008 ,pre_2008 ,states_zero_records,previous_sp_name,new_sp_name,notes
1,Acanthophis_antarcticus,Acanthophis_antarcticus,http://apps.who.int/bloodproducts/snakeantivenoms/database/Images/SnakesDistribution/Large/map_Acanthophis_antarcticus.pdf,Z:/users/joshua/Snakebite/WHO EOR shapefiles/Acanthophis_antarcticus.shp,Z:/users/joshua/Snakebite/WHO EOR rasters/Acanthophis_antarcticus.tif,2,1,AUS,1,few,excessive_historic,0,,,
2,Acanthophis_laevis,Acanthophis_laevis,http://apps.who.int/bloodproducts/snakeantivenoms/database/Images/SnakesDistribution/Large/map_Acanthophis_laevis.pdf,Z:/users/joshua/Snakebite/WHO EOR shapefiles/Acanthophis_laevis.shp,Z:/users/joshua/Snakebite/WHO EOR rasters/Acanthophis_laevis.tif,1,1,"IDN, PNG",1,few,few_historic,0,Acanthophis_antarcticus_laevis,,
3,Acanthophis_rugosus,Acanthophis_rugosus,http://apps.who.int/bloodproducts/snakeantivenoms/database/Images/SnakesDistribution/Large/map_Acanthophis_rugosus.pdf,Z:/users/joshua/Snakebite/WHO EOR shapefiles/Acanthophis_rugosus.shp,Z:/users/joshua/Snakebite/WHO EOR rasters/Acanthophis_rugosus.tif,2,1,"IDN, PNG",1,0,few_historic,0,Acanthophis_antarcticus_rugosus,,
4,Acanthophis_spp,Acanthophis_praelongus,http://apps.who.int/bloodproducts/snakeantivenoms/database/Images/SnakesDistribution/Large/map_Acanthophis_spp.pdf,Z:/users/joshua/Snakebite/WHO EOR shapefiles/Acanthophis_praelongus.shp,Z:/users/joshua/Snakebite/WHO EOR rasters/Acanthophis_praelongus.tif,2,1,AUS,1,0,few_historic,0,,,
4,Acanthophis_spp,Acanthophis_pyrrhus,http://apps.who.int/bloodproducts/snakeantivenoms/database/Images/SnakesDistribution/Large/map_Acanthophis_spp.pdf,Z:/users/joshua/Snakebite/WHO EOR shapefiles/Acanthophis_pyrrhus.shp,Z:/users/joshua/Snakebite/WHO EOR rasters/Acanthophis_pyrrhus.tif,2,1,AUS,1,0,few_historic,0,,,
4,Acanthophis_spp,Acanthophis_wellsi,http://apps.who.int/bloodproducts/snakeantivenoms/database/Images/SnakesDistribution/Large/map_Acanthophis_spp.pdf,Z:/users/joshua/Snakebite/WHO EOR shapefiles/Acanthophis_wellsi.shp,Z:/users/joshua/Snakebite/WHO EOR rasters/Acanthophis_wellsi.tif,2,1,AUS,1,0,few_historic,0,Acanthophis_wellsei,,
4,Acanthophis_spp,Acanthophis_spp,http://apps.who.int/bloodproducts/snakeantivenoms/database/Images/SnakesDistribution/Large/map_Acanthophis_spp.pdf,Z:/users/joshua/Snakebite/WHO EOR shapefiles/Acanthophis_spp.shp,Z:/users/joshua/Snakebite/WHO EOR rasters/Acanthophis_spp.tif,2,1,AUS,0,0,0,1,,,
5,Agkistrodon_bilineatus,Agkistrodon_bilineatus,http://apps.who.int/bloodproducts/snakeantivenoms/database/Images/SnakesDistribution/Large/map_Agkistrodon_bilineatus.pdf,Z:/users/joshua/Snakebite/WHO EOR shapefiles/Agkistrodon_bilineatus.shp,Z:/users/joshua/Snakebite/WHO EOR rasters/Agkistrodon_bilineatus.tif,2,0,"SLV, HND, MEX, GTM, BLZ, NIC, CRI",1,few,few_historic,0,,,
6,Agkistrodon_contortrix,Agkistrodon_contortrix,http://apps.who.int/bloodproducts/snakeantivenoms/database/Images/SnakesDistribution/Large/map_Agkistrodon_contortrix.pdf,Z:/users/joshua/Snakebite/WHO EOR shapefiles/Agkistrodon_contortrix.shp,Z:/users/joshua/Snakebite/WHO EOR rasters/Agkistrodon_contortrix.tif,1,0,"USA, MEX",1,few,few_historic,0,,,
7,Agkistrodon_piscivorus,Agkistrodon_piscivorus,http://apps.who.int/bloodproducts/snakeantivenoms/database/Images/SnakesDistribution/Large/map_Agkistrodon_piscivorus.pdf,Z:/users/joshua/Snakebite/WHO EOR shapefiles/Agkistrodon_piscivorus.shp,Z:/users/joshua/Snakebite/WHO EOR rasters/Agkistrodon_piscivorus.tif,1,1,USA,1,few,few_historic,0,,,
8,Agkistrodon_taylori,Agkistrodon_taylori,http://apps.who.int/bloodproducts/snakeantivenoms/database/Images/SnakesDistribution/Large/map_Agkistrodon_taylori.pdf,Z:/users/joshua/Snakebite/WHO EOR shapefiles/Agkistrodon_taylori.shp,Z:/users/joshua/Snakebite/WHO EOR rasters/Agkistrodon_taylori.tif,1,1,MEX,1,few,0,0,,,
9,Atheris_broadleyi,Atheris_broadleyi,http://apps.who.int/bloodproducts/snakeantivenoms/database/Images/SnakesDistribution/Large/map_Atheris_broadleyi.pdf,Z:/users/joshua/Snakebite/WHO EOR shapefiles/Atheris_broadleyi.shp,Z:/users/joshua/Snakebite/WHO EOR rasters/Atheris_broadleyi.tif,2,1,"CMR, CAF",0,0,0,1,,,
10,Atheris_chlorechis,Atheris_chlorechis,http://apps.who.int/bloodproducts/snakeantivenoms/database/Images/SnakesDistribution/Large/map_Atheris_chlorechis.pdf,Z:/users/joshua/Snakebite/WHO EOR shapefiles/Atheris_chlorechis.shp,Z:/users/joshua/Snakebite/WHO EOR rasters/Atheris_chlorechis.tif,2,1,"CIV, LBR, SLE, GIN, GHA",1,few,0,0,,,
11,Atheris_squamigera,Atheris_squamigera,http://apps.who.int/bloodproducts/snakeantivenoms/database/Images/SnakesDistribution/Large/map_Atheris_squamigera.pdf,Z:/users/joshua/Snakebite/WHO EOR shapefiles/Atheris_squamigera.shp,Z:/users/joshua/Snakebite/WHO EOR rasters/Atheris_squamigera.tif,2,1,"CMR, COG, COD, GAB, GNQ, UGA, KEN, RWA, CAF, NGA, AGO",1,0,few_historic,0,,,
12,Atractaspis_andersonii,Atractaspis_andersonii,http://apps.who.int/bloodproducts/snakeantivenoms/database/Images/SnakesDistribution/Large/map_Atractaspis_andersonii.pdf,Z:/users/joshua/Snakebite/WHO EOR shapefiles/Atractaspis_andersonii.shp,Z:/users/joshua/Snakebite/WHO EOR rasters/Atractaspis_andersonii.tif,1,1,"YEM, SAU, OMN",0,0,0,1,,,
13,Atractaspis_bibronii,Atractaspis_bibronii,http://apps.who.int/bloodproducts/snakeantivenoms/database/Images/SnakesDistribution/Large/map_Atractaspis_bibronii.pdf,Z:/users/joshua/Snakebite/WHO EOR shapefiles/Atractaspis_bibronii.shp,Z:/users/joshua/Snakebite/WHO EOR rasters/Atractaspis_bibronii.tif,2,1,"BWA, BDI, MWI, MOZ, NAM, SWZ, ZMB, ZWE, TZA, AGO, ZAF, COD, RWA, KEN",1,0,few_historic,0,,,
14,Atractaspis_engaddensis,Atractaspis_engaddensis,http://apps.who.int/bloodproducts/snakeantivenoms/database/Images/SnakesDistribution/Large/map_Atractaspis_engaddensis.pdf,Z:/users/joshua/Snakebite/WHO EOR shapefiles/Atractaspis_engaddensis.shp,Z:/users/joshua/Snakebite/WHO EOR rasters/Atractaspis_engaddensis.tif,2,1,"ISR, SAU, EGY, JOR",0,0,0,0,,,
15,Atractaspis_fallax,Atractaspis_fallax,http://apps.who.int/bloodproducts/snakeantivenoms/database/Images/SnakesDistribution/Large/map_Atractaspis_fallax.pdf,Z:/users/joshua/Snakebite/WHO EOR shapefiles/Atractaspis_fallax.shp,Z:/users/joshua/Snakebite/WHO EOR rasters/Atractaspis_fallax.tif,2,1,"SOM, DJI, TZA, ETH, SSD, UGA, KEN",0,0,0,0,,,
16,Atractaspis_irregularis,Atractaspis_irregularis,http://apps.who.int/bloodproducts/snakeantivenoms/database/Images/SnakesDistribution/Large/map_Atractaspis_irregularis.pdf,Z:/users/joshua/Snakebite/WHO EOR shapefiles/Atractaspis_irregularis.shp,Z:/users/joshua/Snakebite/WHO EOR rasters/Atractaspis_irregularis.tif,2,1,"BDI, COG, CIV, COD, GAB, LBR, RWA, UGA, GHA, TGO, NGA, CMR, GNQ, CAF, SSD, KEN, TZA, AGO",1,excessive,few_historic,0,,,
17,Atropoides_mexicanus,Atropoides_mexicanus,http://apps.who.int/bloodproducts/snakeantivenoms/database/Images/SnakesDistribution/Large/map_Atropoides_mexicanus.pdf,Z:/users/joshua/Snakebite/WHO EOR shapefiles/Atropoides_mexicanus.shp,Z:/users/joshua/Snakebite/WHO EOR rasters/Atropoides_mexicanus.tif,2,1,"CRI, MEX, GTM, BLZ, HND, NIC, PAN",1,few,few_historic,0,,,
18,Atropoides_occidus,Atropoides_occidus,http://apps.who.int/bloodproducts/snakeantivenoms/database/Images/SnakesDistribution/Large/map_Atropoides_occidus.pdf,Z:/users/joshua/Snakebite/WHO EOR shapefiles/Atropoides_occidus.shp,Z:/users/joshua/Snakebite/WHO EOR rasters/Atropoides_occidus.tif,2,1,"MEX, GTM, HND, SLV",0,0,0,1,,,
19,Atropoides_spp,Atropoides_indomitus,http://apps.who.int/bloodproducts/snakeantivenoms/database/Images/SnakesDistribution/Large/map_Atropoides_spp.pdf,Z:/users/joshua/Snakebite/WHO EOR shapefiles/Atropoides_indomitus.shp,Z:/users/joshua/Snakebite/WHO EOR rasters/Atropoides_indomitus.tif,2,1,HND,1,few,0,0,,,
19,Atropoides_spp,Atropoides_nummifer,http://apps.who.int/bloodproducts/snakeantivenoms/database/Images/SnakesDistribution/Large/map_Atropoides_spp.pdf,Z:/users/joshua/Snakebite/WHO EOR shapefiles/Atropoides_nummifer.shp,Z:/users/joshua/Snakebite/WHO EOR rasters/Atropoides_nummifer.tif,2,1,MEX,1,few,excessive_historic,0,,,
19,Atropoides_spp,Atropoides_olmec,http://apps.who.int/bloodproducts/snakeantivenoms/database/Images/SnakesDistribution/Large/map_Atropoides_spp.pdf,Z:/users/joshua/Snakebite/WHO EOR shapefiles/Atropoides_olmec.shp,Z:/users/joshua/Snakebite/WHO EOR rasters/Atropoides_olmec.tif,2,1,"MEX, GTM",1,0,few_historic,0,,,
19,Atropoides_spp,Atropoides_picadoi,http://apps.who.int/bloodproducts/snakeantivenoms/database/Images/SnakesDistribution/Large/map_Atropoides_spp.pdf,Z:/users/joshua/Snakebite/WHO EOR shapefiles/Atropoides_picadoi.shp,Z:/users/joshua/Snakebite/WHO EOR rasters/Atropoides_picadoi.tif,2,1,"CRI, PAN",1,0,few_historic,0,,,
20,Austrelaps_spp,Austrelaps_spp,http://apps.who.int/bloodproducts/snakeantivenoms/database/Images/SnakesDistribution/Large/map_Austrelaps_spp.pdf,Z:/users/joshua/Snakebite/WHO EOR shapefiles/Austrelaps_spp.shp,Z:/users/joshua/Snakebite/WHO EOR rasters/Austrelaps_spp.tif,2,1,AUS,0,0,0,1,,,
21,Bitis_arietans,Bitis_arietans,http://apps.who.int/bloodproducts/snakeantivenoms/database/Images/SnakesDistribution/Large/map_Bitis_arietans.pdf,Z:/users/joshua/Snakebite/WHO EOR shapefiles/Bitis_arietans.shp,Z:/users/joshua/Snakebite/WHO EOR rasters/Bitis_arietans.tif,1,0,"AGO, BEN, BWA, BFA, BDI, CMR, CAF, DJI, SSD, ERI, ETH, GMB, GHA, GNB, GIN, LSO, MWI, MOZ, NGA, RWA, SEN, SLE, SOM, SWZ, TGO, UGA, ZMB, ZWE, KEN, SDN, ZAF, TZA, MAR, ESH, MRT, MLI, NER, TCD, COG, GAB, COD, SAU, YEM, OMN, NAM, CIV",1,few,few_historic,0,,,
22,Bitis_gabonica,Bitis_gabonica,http://apps.who.int/bloodproducts/snakeantivenoms/database/Images/SnakesDistribution/Large/map_Bitis_gabonica.pdf,Z:/users/joshua/Snakebite/WHO EOR shapefiles/Bitis_gabonica.shp,Z:/users/joshua/Snakebite/WHO EOR rasters/Bitis_gabonica.tif,1,0,"CAF, COG, COD, ZMB, NGA, CMR, AGO, GNQ, ZWE, MWI, MOZ, ZAF, TZA, RWA, SSD, UGA, KEN, GAB, BDI",1,excessive,few_historic,0,,,
23,Bitis_nasicornis,Bitis_nasicornis,http://apps.who.int/bloodproducts/snakeantivenoms/database/Images/SnakesDistribution/Large/map_Bitis_nasicornis.pdf,Z:/users/joshua/Snakebite/WHO EOR shapefiles/Bitis_nasicornis.shp,Z:/users/joshua/Snakebite/WHO EOR rasters/Bitis_nasicornis.tif,2,0,"BDI, COG, COD, LBR, RWA, SLE, GIN, CIV, GHA, TGO, NGA, GNQ, CMR, CAF, SSD, UGA, AGO, TZA, KEN, GAB",1,excessive,few_historic,0,,,
24,Bitis_parviocula,Bitis_parviocula,http://apps.who.int/bloodproducts/snakeantivenoms/database/Images/SnakesDistribution/Large/map_Bitis_parviocula.pdf,Z:/users/joshua/Snakebite/WHO EOR shapefiles/Bitis_parviocula.shp,Z:/users/joshua/Snakebite/WHO EOR rasters/Bitis_parviocula.tif,2,1,ETH,1,few,few_historic,0,,,
25,Bitis_rhinoceros,Bitis_rhinoceros,http://apps.who.int/bloodproducts/snakeantivenoms/database/Images/SnakesDistribution/Large/map_Bitis_rhinoceros.pdf,Z:/users/joshua/Snakebite/WHO EOR shapefiles/Bitis_rhinoceros.shp,Z:/users/joshua/Snakebite/WHO EOR rasters/Bitis_rhinoceros.tif,2,0,"CIV, GNB, LBR, SLE, SEN, GIN, GHA, TGO, BEN",1,few,few_historic,0,,,
26,Bothriechis_lateralis,Bothriechis_lateralis,http://apps.who.int/bloodproducts/snakeantivenoms/database/Images/SnakesDistribution/Large/map_Bothriechis_lateralis.pdf,Z:/users/joshua/Snakebite/WHO EOR shapefiles/Bothriechis_lateralis.shp,Z:/users/joshua/Snakebite/WHO EOR rasters/Bothriechis_lateralis.tif,2,1,"CRI, PAN",1,few,few_historic,0,,,
27,Bothriechis_marchi,Bothriechis_marchi,http://apps.who.int/bloodproducts/snakeantivenoms/database/Images/SnakesDistribution/Large/map_Bothriechis_marchi.pdf,Z:/users/joshua/Snakebite/WHO EOR shapefiles/Bothriechis_marchi.shp,Z:/users/joshua/Snakebite/WHO EOR rasters/Bothriechis_marchi.tif,2,1,"HND, NIC",1,few,few_historic,0,,,
28,Bothriechis_schlegelii,Bothriechis_schlegelii,http://apps.who.int/bloodproducts/snakeantivenoms/database/Images/SnakesDistribution/Large/map_Bothriechis_schlegelii.pdf,Z:/users/joshua/Snakebite/WHO EOR shapefiles/Bothriechis_schlegelii.shp,Z:/users/joshua/Snakebite/WHO EOR rasters/Bothriechis_schlegelii.tif,2,1,"BLZ, MEX, GTM, HND, NIC, CRI, PAN, ECU, PER, COL, VEN",1,few,few_historic,0,,,
29,Bothriechis_spp,Bothriechis_bicolor,http://apps.who.int/bloodproducts/snakeantivenoms/database/Images/SnakesDistribution/Large/map_Bothriechis_spp.pdf,Z:/users/joshua/Snakebite/WHO EOR shapefiles/Bothriechis_bicolor.shp,Z:/users/joshua/Snakebite/WHO EOR rasters/Bothriechis_bicolor.tif,2,1,"GTM, MEX",1,few,few_historic,0,,,
29,Bothriechis_spp,Bothriechis_nigroviridis,http://apps.who.int/bloodproducts/snakeantivenoms/database/Images/SnakesDistribution/Large/map_Bothriechis_spp.pdf,Z:/users/joshua/Snakebite/WHO EOR shapefiles/Bothriechis_nigroviridis.shp,Z:/users/joshua/Snakebite/WHO EOR rasters/Bothriechis_nigroviridis.tif,2,1,"CRI, PAN",1,0,few_historic,0,,,
29,Bothriechis_spp,Bothriechis_rowleyi,http://apps.who.int/bloodproducts/snakeantivenoms/database/Images/SnakesDistribution/Large/map_Bothriechis_spp.pdf,Z:/users/joshua/Snakebite/WHO EOR shapefiles/Bothriechis_rowleyi.shp,Z:/users/joshua/Snakebite/WHO EOR rasters/Bothriechis_rowleyi.tif,2,1,MEX,1,0,few_historic,0,,,
29,Bothriechis_spp,Bothriechis_supraciliaris,http://apps.who.int/bloodproducts/snakeantivenoms/database/Images/SnakesDistribution/Large/map_Bothriechis_spp.pdf,Z:/users/joshua/Snakebite/WHO EOR shapefiles/Bothriechis_supraciliaris.shp,Z:/users/joshua/Snakebite/WHO EOR rasters/Bothriechis_supraciliaris.tif,2,1,CRI,0,0,0,1,,,
29,Bothriechis_spp,Bothriechis_aurifer,http://apps.who.int/bloodproducts/snakeantivenoms/database/Images/SnakesDistribution/Large/map_Bothriechis_spp.pdf,Z:/users/joshua/Snakebite/WHO EOR shapefiles/Bothriechis_aurifer.shp,Z:/users/joshua/Snakebite/WHO EOR rasters/Bothriechis_aurifer.tif,2,1,"GTM, MEX",1,0,few_historic,0,,,
29,Bothriechis_spp,Bothriechis_thalassinus,http://apps.who.int/bloodproducts/snakeantivenoms/database/Images/SnakesDistribution/Large/map_Bothriechis_spp.pdf,Z:/users/joshua/Snakebite/WHO EOR shapefiles/Bothriechis_thalassinus.shp,Z:/users/joshua/Snakebite/WHO EOR rasters/Bothriechis_thalassinus.tif,2,1,"HND, SLV, GTM",1,0,few_historic,0,,,
30,Bothrocophias_hyoprora,Bothrocophias_hyoprora,http://apps.who.int/bloodproducts/snakeantivenoms/database/Images/SnakesDistribution/Large/map_Bothrocophias_hyoprora.pdf,Z:/users/joshua/Snakebite/WHO EOR shapefiles/Bothrocophias_hyoprora.shp,Z:/users/joshua/Snakebite/WHO EOR rasters/Bothrocophias_hyoprora.tif,2,1,"ECU, COL, BOL, PER, BRA",1,0,few_historic,0,,,
31,Bothrocophias_microphthalmus,Bothrocophias_microphthalmus,http://apps.who.int/bloodproducts/snakeantivenoms/database/Images/SnakesDistribution/Large/map_Bothrocophias_microphthalmus.pdf,Z:/users/joshua/Snakebite/WHO EOR shapefiles/Bothrocophias_microphthalmus.shp,Z:/users/joshua/Snakebite/WHO EOR rasters/Bothrocophias_microphthalmus.tif,2,1,"COL, ECU, BRA, PER, BOL",1,0,few_historic,0,,,
32,Bothrocophias_spp,Bothrocophias_campbelli,http://apps.who.int/bloodproducts/snakeantivenoms/database/Images/SnakesDistribution/Large/map_Bothrocophias_spp.pdf,Z:/users/joshua/Snakebite/WHO EOR shapefiles/Bothrocophias_campbelli.shp,Z:/users/joshua/Snakebite/WHO EOR rasters/Bothrocophias_campbelli.tif,2,1,ECU,0,0,0,0,,,
32,Bothrocophias_spp,Bothrocophias_colombianus,http://apps.who.int/bloodproducts/snakeantivenoms/database/Images/SnakesDistribution/Large/map_Bothrocophias_spp.pdf,Z:/users/joshua/Snakebite/WHO EOR shapefiles/Bothrocophias_colombianus.shp,Z:/users/joshua/Snakebite/WHO EOR rasters/Bothrocophias_colombianus.tif,2,1,COL,1,0,few_historic,0,,,
32,Bothrocophias_spp,Bothrocophias_myersi,http://apps.who.int/bloodproducts/snakeantivenoms/database/Images/SnakesDistribution/Large/map_Bothrocophias_spp.pdf,Z:/users/joshua/Snakebite/WHO EOR shapefiles/Bothrocophias_myersi.shp,Z:/users/joshua/Snakebite/WHO EOR rasters/Bothrocophias_myersi.tif,2,1,COL,1,few,few_historic,0,,,
33,Bothrops_alternatus,Bothrops_alternatus,http://apps.who.int/bloodproducts/snakeantivenoms/database/Images/SnakesDistribution/Large/map_Bothrops_alternatus.pdf,Z:/users/joshua/Snakebite/WHO EOR shapefiles/Bothrops_alternatus.shp,Z:/users/joshua/Snakebite/WHO EOR rasters/Bothrops_alternatus.tif,1,0,"URY, ARG, PRY, BRA",1,0,few_historic,0,,,
34,Bothrops_ammodytoides,Bothrops_ammodytoides,http://apps.who.int/bloodproducts/snakeantivenoms/database/Images/SnakesDistribution/Large/map_Bothrops_ammodytoides.pdf,Z:/users/joshua/Snakebite/WHO EOR shapefiles/Bothrops_ammodytoides.shp,Z:/users/joshua/Snakebite/WHO EOR rasters/Bothrops_ammodytoides.tif,2,1,ARG,1,0,few_historic,0,,,
35,Bothrops_asper,Bothrops_asper,http://apps.who.int/bloodproducts/snakeantivenoms/database/Images/SnakesDistribution/Large/map_Bothrops_asper.pdf,Z:/users/joshua/Snakebite/WHO EOR shapefiles/Bothrops_asper.shp,Z:/users/joshua/Snakebite/WHO EOR rasters/Bothrops_asper.tif,1,1,"BLZ, MEX, GTM, HND, NIC, COL, CRI, PAN, ECU, PER",1,few,excessive_historic,0,,,
36,Bothrops_atrox,Bothrops_atrox,http://apps.who.int/bloodproducts/snakeantivenoms/database/Images/SnakesDistribution/Large/map_Bothrops_atrox.pdf,Z:/users/joshua/Snakebite/WHO EOR shapefiles/Bothrops_atrox.shp,Z:/users/joshua/Snakebite/WHO EOR rasters/Bothrops_atrox.tif,1,1,"COL, GUF, GUY, SUR, ECU, VEN, BRA, BOL, PER",1,few,excessive_historic,0,,,
37,Bothrops_bilineatus,Bothrops_bilineatus,http://apps.who.int/bloodproducts/snakeantivenoms/database/Images/SnakesDistribution/Large/map_Bothrops_bilineatus.pdf,Z:/users/joshua/Snakebite/WHO EOR shapefiles/Bothrops_bilineatus.shp,Z:/users/joshua/Snakebite/WHO EOR rasters/Bothrops_bilineatus.tif,1,0,"GUF, GUY, SUR, ECU, COL, VEN, BOL, BRA, PER",1,0,few_historic,0,,,
38,Bothrops_brazili,Bothrops_brazili,http://apps.who.int/bloodproducts/snakeantivenoms/database/Images/SnakesDistribution/Large/map_Bothrops_brazili.pdf,Z:/users/joshua/Snakebite/WHO EOR shapefiles/Bothrops_brazili.shp,Z:/users/joshua/Snakebite/WHO EOR rasters/Bothrops_brazili.tif,2,0,"GUF, GUY, SUR, VEN, COL, ECU, BOL, BRA, PER",1,0,few_historic,0,,,
39,Bothrops_caribbaeus,Bothrops_caribbaeus,http://apps.who.int/bloodproducts/snakeantivenoms/database/Images/SnakesDistribution/Large/map_Bothrops_caribbaeus.pdf,Z:/users/joshua/Snakebite/WHO EOR shapefiles/Bothrops_caribbaeus.shp,Z:/users/joshua/Snakebite/WHO EOR rasters/Bothrops_caribbaeus.tif,1,1,LCA,0,0,0,1,,,
40,Bothrops_cf_atrox,Bothrops_cf_atrox,http://apps.who.int/bloodproducts/snakeantivenoms/database/Images/SnakesDistribution/Large/map_Bothrops_cf_atrox.pdf,Z:/users/joshua/Snakebite/WHO EOR shapefiles/Bothrops_cf_atrox.shp,Z:/users/joshua/Snakebite/WHO EOR rasters/Bothrops_cf_atrox.tif,1,1,"TTO, VEN",1,excessive,excessive_historic,0,,,
41,Bothrops_diporus,Bothrops_diporus,http://apps.who.int/bloodproducts/snakeantivenoms/database/Images/SnakesDistribution/Large/map_Bothrops_diporus.pdf,Z:/users/joshua/Snakebite/WHO EOR shapefiles/Bothrops_diporus.shp,Z:/users/joshua/Snakebite/WHO EOR rasters/Bothrops_diporus.tif,2,0,"PRY, BRA, ARG",1,0,few_historic,0,,,
42,Bothrops_jararaca,Bothrops_jararaca,http://apps.who.int/bloodproducts/snakeantivenoms/database/Images/SnakesDistribution/Large/map_Bothrops_jararaca.pdf,Z:/users/joshua/Snakebite/WHO EOR shapefiles/Bothrops_jararaca.shp,Z:/users/joshua/Snakebite/WHO EOR rasters/Bothrops_jararaca.tif,2,0,"ARG, PRY, BRA",0,0,0,1,,,
43,Bothrops_jararacussu,Bothrops_jararacussu,http://apps.who.int/bloodproducts/snakeantivenoms/database/Images/SnakesDistribution/Large/map_Bothrops_jararacussu.pdf,Z:/users/joshua/Snakebite/WHO EOR shapefiles/Bothrops_jararacussu.shp,Z:/users/joshua/Snakebite/WHO EOR rasters/Bothrops_jararacussu.tif,2,0,"BOL, PRY, ARG, BRA",1,0,excessive_historic,0,,,
44,Bothrops_jonathani,Bothrops_jonathani,http://apps.who.int/bloodproducts/snakeantivenoms/database/Images/SnakesDistribution/Large/map_Bothrops_jonathani.pdf,Z:/users/joshua/Snakebite/WHO EOR shapefiles/Bothrops_jonathani.shp,Z:/users/joshua/Snakebite/WHO EOR rasters/Bothrops_jonathani.tif,2,1,BOL,0,0,0,1,,,
45,Bothrops_lanceolatus,Bothrops_lanceolatus,http://apps.who.int/bloodproducts/snakeantivenoms/database/Images/SnakesDistribution/Large/map_Bothrops_lanceolatus.pdf,Z:/users/joshua/Snakebite/WHO EOR shapefiles/Bothrops_lanceolatus.shp,Z:/users/joshua/Snakebite/WHO EOR rasters/Bothrops_lanceolatus.tif,1,1,MTQ,0,0,0,0,,,
46,Bothrops_leucurus,Bothrops_leucurus,http://apps.who.int/bloodproducts/snakeantivenoms/database/Images/SnakesDistribution/Large/map_Bothrops_leucurus.pdf,Z:/users/joshua/Snakebite/WHO EOR shapefiles/Bothrops_leucurus.shp,Z:/users/joshua/Snakebite/WHO EOR rasters/Bothrops_leucurus.tif,1,1,BRA,1,few,few_historic,0,,,
47,Bothrops_mattogrossensis,Bothrops_mattogrossensis,http://apps.who.int/bloodproducts/snakeantivenoms/database/Images/SnakesDistribution/Large/map_Bothrops_mattogrossensis.pdf,Z:/users/joshua/Snakebite/WHO EOR shapefiles/Bothrops_mattogrossensis.shp,Z:/users/joshua/Snakebite/WHO EOR rasters/Bothrops_mattogrossensis.tif,2,0,"BOL, PRY, PER, ARG, BRA",0,0,0,1,,,
48,Bothrops_moojeni,Bothrops_moojeni,http://apps.who.int/bloodproducts/snakeantivenoms/database/Images/SnakesDistribution/Large/map_Bothrops_moojeni.pdf,Z:/users/joshua/Snakebite/WHO EOR shapefiles/Bothrops_moojeni.shp,Z:/users/joshua/Snakebite/WHO EOR rasters/Bothrops_moojeni.tif,2,0,"ARG, PRY, BRA, BOL",1,0,few_historic,0,,,
49,Bothrops_neuwiedi,Bothrops_neuwiedi,http://apps.who.int/bloodproducts/snakeantivenoms/database/Images/SnakesDistribution/Large/map_Bothrops_neuwiedi.pdf,Z:/users/joshua/Snakebite/WHO EOR shapefiles/Bothrops_neuwiedi.shp,Z:/users/joshua/Snakebite/WHO EOR rasters/Bothrops_neuwiedi.tif,2,1,"PRY, BRA, ARG",0,0,0,1,,,
50,Bothrops_pictus,Bothrops_pictus,http://apps.who.int/bloodproducts/snakeantivenoms/database/Images/SnakesDistribution/Large/map_Bothrops_pictus.pdf,Z:/users/joshua/Snakebite/WHO EOR shapefiles/Bothrops_pictus.shp,Z:/users/joshua/Snakebite/WHO EOR rasters/Bothrops_pictus.tif,1,1,PER,1,0,few_historic,0,,,
51,Bothrops_pubescens,Bothrops_pubescens,http://apps.who.int/bloodproducts/snakeantivenoms/database/Images/SnakesDistribution/Large/map_Bothrops_pubescens.pdf,Z:/users/joshua/Snakebite/WHO EOR shapefiles/Bothrops_pubescens.shp,Z:/users/joshua/Snakebite/WHO EOR rasters/Bothrops_pubescens.tif,2,1,"ARG, BRA, URY",0,0,0,1,,,
52,Bothrops_sanctaecrucis,Bothrops_sanctaecrucis,http://apps.who.int/bloodproducts/snakeantivenoms/database/Images/SnakesDistribution/Large/map_Bothrops_sanctaecrucis.pdf,Z:/users/joshua/Snakebite/WHO EOR shapefiles/Bothrops_sanctaecrucis.shp,Z:/users/joshua/Snakebite/WHO EOR rasters/Bothrops_sanctaecrucis.tif,2,1,BOL,0,0,0,0,,,
53,Bothrops_spp,Bothrops_punctatus,http://apps.who.int/bloodproducts/snakeantivenoms/database/Images/SnakesDistribution/Large/map_Bothrops_spp.pdf,Z:/users/joshua/Snakebite/WHO EOR shapefiles/Bothrops_punctatus.shp,Z:/users/joshua/Snakebite/WHO EOR rasters/Bothrops_punctatus.tif,2,1,"COL, ECU, PAN",1,0,few_historic,0,,,
53,Bothrops_spp,Bothrops_osbornei,http://apps.who.int/bloodproducts/snakeantivenoms/database/Images/SnakesDistribution/Large/map_Bothrops_spp.pdf,Z:/users/joshua/Snakebite/WHO EOR shapefiles/Bothrops_osbornei.shp,Z:/users/joshua/Snakebite/WHO EOR rasters/Bothrops_osbornei.tif,2,1,ECU,1,0,few_historic,0,,,
53,Bothrops_spp,Bothrops_lojanus,http://apps.who.int/bloodproducts/snakeantivenoms/database/Images/SnakesDistribution/Large/map_Bothrops_spp.pdf,Z:/users/joshua/Snakebite/WHO EOR shapefiles/Bothrops_lojanus.shp,Z:/users/joshua/Snakebite/WHO EOR rasters/Bothrops_lojanus.tif,2,1,"ECU, PER",0,0,0,0,,,
53,Bothrops_spp,Bothrops_barnetti,http://apps.who.int/bloodproducts/snakeantivenoms/database/Images/SnakesDistribution/Large/map_Bothrops_spp.pdf,Z:/users/joshua/Snakebite/WHO EOR shapefiles/Bothrops_barnetti.shp,Z:/users/joshua/Snakebite/WHO EOR rasters/Bothrops_barnetti.tif,2,1,PER,1,0,few_historic,0,,,
53,Bothrops_spp,Bothrops_roedingeri,http://apps.who.int/bloodproducts/snakeantivenoms/database/Images/SnakesDistribution/Large/map_Bothrops_spp.pdf,Z:/users/joshua/Snakebite/WHO EOR shapefiles/Bothrops_roedingeri.shp,Z:/users/joshua/Snakebite/WHO EOR rasters/Bothrops_roedingeri.tif,2,1,PER,0,0,0,1,,,
53,Bothrops_spp,Bothrops_andianus,http://apps.who.int/bloodproducts/snakeantivenoms/database/Images/SnakesDistribution/Large/map_Bothrops_spp.pdf,Z:/users/joshua/Snakebite/WHO EOR shapefiles/Bothrops_andianus.shp,Z:/users/joshua/Snakebite/WHO EOR rasters/Bothrops_andianus.tif,2,1,"PER, BOL",1,0,few_historic,0,,,
53,Bothrops_spp,Bothrops_marajoensis,http://apps.who.int/bloodproducts/snakeantivenoms/database/Images/SnakesDistribution/Large/map_Bothrops_spp.pdf,Z:/users/joshua/Snakebite/WHO EOR shapefiles/Bothrops_marajoensis.shp,Z:/users/joshua/Snakebite/WHO EOR rasters/Bothrops_marajoensis.tif,2,1,BRA,0,0,0,1,,,
53,Bothrops_spp,Bothrops_spp,http://apps.who.int/bloodproducts/snakeantivenoms/database/Images/SnakesDistribution/Large/map_Bothrops_spp.pdf,Z:/users/joshua/Snakebite/WHO EOR shapefiles/Bothrops_spp.shp,Z:/users/joshua/Snakebite/WHO EOR rasters/Bothrops_spp.tif,2,1,"PRY, ARG, BRA",0,0,0,1,,,
54,Bothrops_taeniatus,Bothrops_taeniatus,http://apps.who.int/bloodproducts/snakeantivenoms/database/Images/SnakesDistribution/Large/map_Bothrops_taeniatus.pdf,Z:/users/joshua/Snakebite/WHO EOR shapefiles/Bothrops_taeniatus.shp,Z:/users/joshua/Snakebite/WHO EOR rasters/Bothrops_taeniatus.tif,2,1,"GUF, GUY, SUR, VEN, BRA, BOL, ECU, COL, PER",0,0,0,1,,,
55,Bothrops_venezuelensis,Bothrops_venezuelensis,http://apps.who.int/bloodproducts/snakeantivenoms/database/Images/SnakesDistribution/Large/map_Bothrops_venezuelensis.pdf,Z:/users/joshua/Snakebite/WHO EOR shapefiles/Bothrops_venezuelensis.shp,Z:/users/joshua/Snakebite/WHO EOR rasters/Bothrops_venezuelensis.tif,1,1,VEN,0,0,0,0,,,
56,Bungarus_bungaroides,Bungarus_bungaroides,http://apps.who.int/bloodproducts/snakeantivenoms/database/Images/SnakesDistribution/Large/map_Bungarus_bungaroides.pdf,Z:/users/joshua/Snakebite/WHO EOR shapefiles/Bungarus_bungaroides.shp,Z:/users/joshua/Snakebite/WHO EOR rasters/Bungarus_bungaroides.tif,2,1,"IND, BGD, NPL, CHN, MMR",0,0,0,0,,,
57,Bungarus_caeruleus,Bungarus_caeruleus,http://apps.who.int/bloodproducts/snakeantivenoms/database/Images/SnakesDistribution/Large/map_Bungarus_caeruleus.pdf,Z:/users/joshua/Snakebite/WHO EOR shapefiles/Bungarus_caeruleus.shp,Z:/users/joshua/Snakebite/WHO EOR rasters/Bungarus_caeruleus.tif,1,0,"PAK, IND, AFG, NPL, BTN, BGD, LKA",1,0,few_historic,0,,,
58,Bungarus_candidus,Bungarus_candidus,http://apps.who.int/bloodproducts/snakeantivenoms/database/Images/SnakesDistribution/Large/map_Bungarus_candidus.pdf,Z:/users/joshua/Snakebite/WHO EOR shapefiles/Bungarus_candidus.shp,Z:/users/joshua/Snakebite/WHO EOR rasters/Bungarus_candidus.tif,1,0,"KHM, LAO, VNM, THA, MMR, IDN, MYS",1,0,few_historic,0,,,
59,Bungarus_ceylonicus,Bungarus_ceylonicus,http://apps.who.int/bloodproducts/snakeantivenoms/database/Images/SnakesDistribution/Large/map_Bungarus_ceylonicus.pdf,Z:/users/joshua/Snakebite/WHO EOR shapefiles/Bungarus_ceylonicus.shp,Z:/users/joshua/Snakebite/WHO EOR rasters/Bungarus_ceylonicus.tif,2,1,LKA,0,0,0,0,,,
60,Bungarus_fasciatus,Bungarus_fasciatus,http://apps.who.int/bloodproducts/snakeantivenoms/database/Images/SnakesDistribution/Large/map_Bungarus_fasciatus.pdf,Z:/users/joshua/Snakebite/WHO EOR shapefiles/Bungarus_fasciatus.shp,Z:/users/joshua/Snakebite/WHO EOR rasters/Bungarus_fasciatus.tif,2,1,"BRN, KHM, LAO, VNM, THA, BGD, NPL, BTN, IND, MMR, CHN, IDN, MYS",1,few,few_historic,0,,,
61,Bungarus_flaviceps,Bungarus_flaviceps,http://apps.who.int/bloodproducts/snakeantivenoms/database/Images/SnakesDistribution/Large/map_Bungarus_flaviceps.pdf,Z:/users/joshua/Snakebite/WHO EOR shapefiles/Bungarus_flaviceps.shp,Z:/users/joshua/Snakebite/WHO EOR rasters/Bungarus_flaviceps.tif,2,1,"BRN, MMR, THA, KHM, VNM, MYS, IDN",0,0,0,0,,,
62,Bungarus_lividus,Bungarus_lividus,http://apps.who.int/bloodproducts/snakeantivenoms/database/Images/SnakesDistribution/Large/map_Bungarus_lividus.pdf,Z:/users/joshua/Snakebite/WHO EOR shapefiles/Bungarus_lividus.shp,Z:/users/joshua/Snakebite/WHO EOR rasters/Bungarus_lividus.tif,2,1,"IND, BTN, NPL, BGD",0,0,0,1,,,
63,Bungarus_magnimaculatus,Bungarus_magnimaculatus,http://apps.who.int/bloodproducts/snakeantivenoms/database/Images/SnakesDistribution/Large/map_Bungarus_magnimaculatus.pdf,Z:/users/joshua/Snakebite/WHO EOR shapefiles/Bungarus_magnimaculatus.shp,Z:/users/joshua/Snakebite/WHO EOR rasters/Bungarus_magnimaculatus.tif,1,1,MMR,1,0,few_historic,0,,,
64,Bungarus_multicinctus,Bungarus_multicinctus,http://apps.who.int/bloodproducts/snakeantivenoms/database/Images/SnakesDistribution/Large/map_Bungarus_multicinctus.pdf,Z:/users/joshua/Snakebite/WHO EOR shapefiles/Bungarus_multicinctus.shp,Z:/users/joshua/Snakebite/WHO EOR rasters/Bungarus_multicinctus.tif,1,1,"HKG, CHN, LAO, MMR, VNM",1,few,few_historic,0,,,
65,Bungarus_niger,Bungarus_niger,http://apps.who.int/bloodproducts/snakeantivenoms/database/Images/SnakesDistribution/Large/map_Bungarus_niger.pdf,Z:/users/joshua/Snakebite/WHO EOR shapefiles/Bungarus_niger.shp,Z:/users/joshua/Snakebite/WHO EOR rasters/Bungarus_niger.tif,2,0,"BTN, IND, MMR, BGD, NPL",1,0,few_historic,0,,,
66,Bungarus_sindanus,Bungarus_sindanus,http://apps.who.int/bloodproducts/snakeantivenoms/database/Images/SnakesDistribution/Large/map_Bungarus_sindanus.pdf,Z:/users/joshua/Snakebite/WHO EOR shapefiles/Bungarus_sindanus.shp,Z:/users/joshua/Snakebite/WHO EOR rasters/Bungarus_sindanus.tif,2,0,"PAK, AFG, IND",0,0,0,1,,,
67,Bungarus_slowinskii,Bungarus_slowinskii,http://apps.who.int/bloodproducts/snakeantivenoms/database/Images/SnakesDistribution/Large/map_Bungarus_slowinskii.pdf,Z:/users/joshua/Snakebite/WHO EOR shapefiles/Bungarus_slowinskii.shp,Z:/users/joshua/Snakebite/WHO EOR rasters/Bungarus_slowinskii.tif,1,1,VNM,0,0,0,1,,,
68,Bungarus_walli,Bungarus_walli,http://apps.who.int/bloodproducts/snakeantivenoms/database/Images/SnakesDistribution/Large/map_Bungarus_walli.pdf,Z:/users/joshua/Snakebite/WHO EOR shapefiles/Bungarus_walli.shp,Z:/users/joshua/Snakebite/WHO EOR rasters/Bungarus_walli.tif,2,0,"NPL, IND, BGD",0,0,0,1,,,
69,Calliophis_bivirgatus,Calliophis_bivirgatus,http://apps.who.int/bloodproducts/snakeantivenoms/database/Images/SnakesDistribution/Large/map_Calliophis_bivirgatus.pdf,Z:/users/joshua/Snakebite/WHO EOR shapefiles/Calliophis_bivirgatus.shp,Z:/users/joshua/Snakebite/WHO EOR rasters/Calliophis_bivirgatus.tif,2,1,"BRN, THA, MYS, IDN, SGP",0,0,0,1,,,
70,Calliophis_intestinalis,Calliophis_intestinalis,http://apps.who.int/bloodproducts/snakeantivenoms/database/Images/SnakesDistribution/Large/map_Calliophis_intestinalis.pdf,Z:/users/joshua/Snakebite/WHO EOR shapefiles/Calliophis_intestinalis.shp,Z:/users/joshua/Snakebite/WHO EOR rasters/Calliophis_intestinalis.tif,2,1,"BRN, THA, IDN, PHL, MYS, SGP",1,few,few_historic,0,,,
71,Calloselasma_rhodostoma,Calloselasma_rhodostoma,http://apps.who.int/bloodproducts/snakeantivenoms/database/Images/SnakesDistribution/Large/map_Calloselasma_rhodostoma.pdf,Z:/users/joshua/Snakebite/WHO EOR shapefiles/Calloselasma_rhodostoma.shp,Z:/users/joshua/Snakebite/WHO EOR rasters/Calloselasma_rhodostoma.tif,1,1,"KHM, THA, LAO, VNM, IDN, MYS",1,0,few_historic,0,,,
72,Cerastes_cerastes,Cerastes_cerastes,http://apps.who.int/bloodproducts/snakeantivenoms/database/Images/SnakesDistribution/Large/map_Cerastes_cerastes.pdf,Z:/users/joshua/Snakebite/WHO EOR shapefiles/Cerastes_cerastes.shp,Z:/users/joshua/Snakebite/WHO EOR rasters/Cerastes_cerastes.tif,2,0,"DZA, ISR, LBY, MRT, NER, TUN, ESH, SDN, EGY, MLI, MAR, TCD, SAU, YEM",1,few,excessive_historic,0,,,
73,Cerastes_gasperettii,Cerastes_gasperettii,http://apps.who.int/bloodproducts/snakeantivenoms/database/Images/SnakesDistribution/Large/map_Cerastes_gasperettii.pdf,Z:/users/joshua/Snakebite/WHO EOR shapefiles/Cerastes_gasperettii.shp,Z:/users/joshua/Snakebite/WHO EOR rasters/Cerastes_gasperettii.tif,2,0,"BHR, JOR, KWT, YEM, ISR, IRQ, IRN, QAT, SAU, ARE, OMN",0,0,0,0,,,
74,Cerrophidion_godmani,Cerrophidion_godmani,http://apps.who.int/bloodproducts/snakeantivenoms/database/Images/SnakesDistribution/Large/map_Cerrophidion_godmani.pdf,Z:/users/joshua/Snakebite/WHO EOR shapefiles/Cerrophidion_godmani.shp,Z:/users/joshua/Snakebite/WHO EOR rasters/Cerrophidion_godmani.tif,2,1,"GTM, HND, NIC, PAN, CRI, MEX, SLV",1,few,excessive_historic,0,,,
75,Cerrophidion_spp,Cerrophidion_petlalcalensis,http://apps.who.int/bloodproducts/snakeantivenoms/database/Images/SnakesDistribution/Large/map_Cerrophidion_spp.pdf,Z:/users/joshua/Snakebite/WHO EOR shapefiles/Cerrophidion_petlalcalensis.shp,Z:/users/joshua/Snakebite/WHO EOR rasters/Cerrophidion_petlalcalensis.tif,2,1,MEX,0,0,0,0,,,
75,Cerrophidion_spp,Cerrophidion_barbouri,http://apps.who.int/bloodproducts/snakeantivenoms/database/Images/SnakesDistribution/Large/map_Cerrophidion_spp.pdf,Z:/users/joshua/Snakebite/WHO EOR shapefiles/Cerrophidion_barbouri.shp,Z:/users/joshua/Snakebite/WHO EOR rasters/Cerrophidion_barbouri.tif,2,1,MEX,1,0,few_historic,0,,,
75,Cerrophidion_spp,Cerrophidion_tzotzilorum,http://apps.who.int/bloodproducts/snakeantivenoms/database/Images/SnakesDistribution/Large/map_Cerrophidion_spp.pdf,Z:/users/joshua/Snakebite/WHO EOR shapefiles/Cerrophidion_tzotzilorum.shp,Z:/users/joshua/Snakebite/WHO EOR rasters/Cerrophidion_tzotzilorum.tif,2,1,MEX,1,few,few_historic,0,,,
76,Crotalus_adamanteus,Crotalus_adamanteus,http://apps.who.int/bloodproducts/snakeantivenoms/database/Images/SnakesDistribution/Large/map_Crotalus_adamanteus.pdf,Z:/users/joshua/Snakebite/WHO EOR shapefiles/Crotalus_adamanteus.shp,Z:/users/joshua/Snakebite/WHO EOR rasters/Crotalus_adamanteus.tif,1,1,USA,1,few,few_historic,0,,,
77,Crotalus_atrox,Crotalus_atrox,http://apps.who.int/bloodproducts/snakeantivenoms/database/Images/SnakesDistribution/Large/map_Crotalus_atrox.pdf,Z:/users/joshua/Snakebite/WHO EOR shapefiles/Crotalus_atrox.shp,Z:/users/joshua/Snakebite/WHO EOR rasters/Crotalus_atrox.tif,1,1,"MEX, USA",1,excessive,excessive_historic,0,,,
78,Crotalus_basiliscus,Crotalus_basiliscus,http://apps.who.int/bloodproducts/snakeantivenoms/database/Images/SnakesDistribution/Large/map_Crotalus_basiliscus.pdf,Z:/users/joshua/Snakebite/WHO EOR shapefiles/Crotalus_basiliscus.shp,Z:/users/joshua/Snakebite/WHO EOR rasters/Crotalus_basiliscus.tif,2,1,MEX,1,few,few_historic,0,,,
79,Crotalus_durissus,Crotalus_durissus,http://apps.who.int/bloodproducts/snakeantivenoms/database/Images/SnakesDistribution/Large/map_Crotalus_durissus.pdf,Z:/users/joshua/Snakebite/WHO EOR shapefiles/Crotalus_durissus.shp,Z:/users/joshua/Snakebite/WHO EOR rasters/Crotalus_durissus.tif,1,1,"BOL, BRA, PRY, VEN, COL, GUY, SUR, GUF, PER, URY, ARG",1,few,excessive_historic,0,,,
80,Crotalus_horridus,Crotalus_horridus,http://apps.who.int/bloodproducts/snakeantivenoms/database/Images/SnakesDistribution/Large/map_Crotalus_horridus.pdf,Z:/users/joshua/Snakebite/WHO EOR shapefiles/Crotalus_horridus.shp,Z:/users/joshua/Snakebite/WHO EOR rasters/Crotalus_horridus.tif,1,1,USA,1,few,excessive_historic,0,,,
81,Crotalus_molossus,Crotalus_molossus,http://apps.who.int/bloodproducts/snakeantivenoms/database/Images/SnakesDistribution/Large/map_Crotalus_molossus.pdf,Z:/users/joshua/Snakebite/WHO EOR shapefiles/Crotalus_molossus.shp,Z:/users/joshua/Snakebite/WHO EOR rasters/Crotalus_molossus.tif,2,1,"MEX, USA",1,few,excessive_historic,0,,,
82,Crotalus_oreganus,Crotalus_oreganus,http://apps.who.int/bloodproducts/snakeantivenoms/database/Images/SnakesDistribution/Large/map_Crotalus_oreganus.pdf,Z:/users/joshua/Snakebite/WHO EOR shapefiles/Crotalus_oreganus.shp,Z:/users/joshua/Snakebite/WHO EOR rasters/Crotalus_oreganus.tif,2,0,"MEX, USA, CAN",1,excessive,excessive_historic,0,,,
83,Crotalus_ruber,Crotalus_ruber,http://apps.who.int/bloodproducts/snakeantivenoms/database/Images/SnakesDistribution/Large/map_Crotalus_ruber.pdf,Z:/users/joshua/Snakebite/WHO EOR shapefiles/Crotalus_ruber.shp,Z:/users/joshua/Snakebite/WHO EOR rasters/Crotalus_ruber.tif,2,1,"MEX, USA",1,few,excessive_historic,0,,,
84,Crotalus_scutulatus,Crotalus_scutulatus,http://apps.who.int/bloodproducts/snakeantivenoms/database/Images/SnakesDistribution/Large/map_Crotalus_scutulatus.pdf,Z:/users/joshua/Snakebite/WHO EOR shapefiles/Crotalus_scutulatus.shp,Z:/users/joshua/Snakebite/WHO EOR rasters/Crotalus_scutulatus.tif,1,1,"USA, MEX",1,excessive,excessive_historic,0,,,
85,Crotalus_simus,Crotalus_simus,http://apps.who.int/bloodproducts/snakeantivenoms/database/Images/SnakesDistribution/Large/map_Crotalus_simus.pdf,Z:/users/joshua/Snakebite/WHO EOR shapefiles/Crotalus_simus.shp,Z:/users/joshua/Snakebite/WHO EOR rasters/Crotalus_simus.tif,1,0,"SLV, CRI, NIC, HND, GTM, MEX",1,0,few_historic,0,,,
86,Crotalus_spp,Crotalus_spp,http://apps.who.int/bloodproducts/snakeantivenoms/database/Images/SnakesDistribution/Large/map_Crotalus_spp.pdf,Z:/users/joshua/Snakebite/WHO EOR shapefiles/Crotalus_spp.shp,Z:/users/joshua/Snakebite/WHO EOR rasters/Crotalus_spp.tif,2,1,"USA, MEX",0,0,0,1,,,
87,Crotalus_totonacus,Crotalus_totonacus,http://apps.who.int/bloodproducts/snakeantivenoms/database/Images/SnakesDistribution/Large/map_Crotalus_totonacus.pdf,Z:/users/joshua/Snakebite/WHO EOR shapefiles/Crotalus_totonacus.shp,Z:/users/joshua/Snakebite/WHO EOR rasters/Crotalus_totonacus.tif,1,1,MEX,1,few,few_historic,0,,,
88,Crotalus_tzabcan,Crotalus_tzabcan,http://apps.who.int/bloodproducts/snakeantivenoms/database/Images/SnakesDistribution/Large/map_Crotalus_tzabcan.pdf,Z:/users/joshua/Snakebite/WHO EOR shapefiles/Crotalus_tzabcan.shp,Z:/users/joshua/Snakebite/WHO EOR rasters/Crotalus_tzabcan.tif,2,1,"MEX, GTM, BLZ",1,few,0,0,,,
89,Crotalus_viridis,Crotalus_viridis,http://apps.who.int/bloodproducts/snakeantivenoms/database/Images/SnakesDistribution/Large/map_Crotalus_viridis.pdf,Z:/users/joshua/Snakebite/WHO EOR shapefiles/Crotalus_viridis.shp,Z:/users/joshua/Snakebite/WHO EOR rasters/Crotalus_viridis.tif,2,0,"CAN, MEX, USA",0,0,0,1,,,
90,Cryptelytrops_albolabris,Cryptelytrops_albolabris,http://apps.who.int/bloodproducts/snakeantivenoms/database/Images/SnakesDistribution/Large/map_Cryptelytrops_albolabris.pdf,Z:/users/joshua/Snakebite/WHO EOR shapefiles/Cryptelytrops_albolabris.shp,Z:/users/joshua/Snakebite/WHO EOR rasters/Cryptelytrops_albolabris.tif,1,0,"LAO, MMR, IND, BGD, IDN, CHN, THA, KHM, VNM",0,0,0,0,,Trimeresurus_albolabris,
91,Cryptelytrops_erythrurus,Cryptelytrops_erythrurus,http://apps.who.int/bloodproducts/snakeantivenoms/database/Images/SnakesDistribution/Large/map_Cryptelytrops_erythrurus.pdf,Z:/users/joshua/Snakebite/WHO EOR shapefiles/Cryptelytrops_erythrurus.shp,Z:/users/joshua/Snakebite/WHO EOR rasters/Cryptelytrops_erythrurus.tif,2,0,"IND, CHN, BTN, MMR, BGD",0,0,0,1,,Trimeresurus_erythrurus,
92,Cryptelytrops_insularis,Cryptelytrops_insularis,http://apps.who.int/bloodproducts/snakeantivenoms/database/Images/SnakesDistribution/Large/map_Cryptelytrops_insularis.pdf,Z:/users/joshua/Snakebite/WHO EOR shapefiles/Cryptelytrops_insularis.shp,Z:/users/joshua/Snakebite/WHO EOR rasters/Cryptelytrops_insularis.tif,2,0,"IDN, TLS",0,0,0,1,Trimeresurus_albolabris_insularis,Trimeresurus_insularis,
93,Cryptelytrops_macrops,Cryptelytrops_macrops,http://apps.who.int/bloodproducts/snakeantivenoms/database/Images/SnakesDistribution/Large/map_Cryptelytrops_macrops.pdf,Z:/users/joshua/Snakebite/WHO EOR shapefiles/Cryptelytrops_macrops.shp,Z:/users/joshua/Snakebite/WHO EOR rasters/Cryptelytrops_macrops.tif,2,1,"THA, LAO, VNM, KHM",1,few,0,0,,Trimeresurus_macrops,
94,Cryptelytrops_purpureomaculatus,Cryptelytrops_purpureomaculatus,http://apps.who.int/bloodproducts/snakeantivenoms/database/Images/SnakesDistribution/Large/map_Cryptelytrops_purpureomaculatus.pdf,Z:/users/joshua/Snakebite/WHO EOR shapefiles/Cryptelytrops_purpureomaculatus.shp,Z:/users/joshua/Snakebite/WHO EOR rasters/Cryptelytrops_purpureomaculatus.tif,2,1,"MMR, THA, MYS, IDN, SGP",0,0,0,0,,Trimeresurus_purpureomaculatus,
95,Cryptelytrops_septentrionalis,Cryptelytrops_septentrionalis,http://apps.who.int/bloodproducts/snakeantivenoms/database/Images/SnakesDistribution/Large/map_Cryptelytrops_septentrionalis.pdf,Z:/users/joshua/Snakebite/WHO EOR shapefiles/Cryptelytrops_septentrionalis.shp,Z:/users/joshua/Snakebite/WHO EOR rasters/Cryptelytrops_septentrionalis.tif,2,1,"NPL, CHN, IND",0,0,0,1,Trimeresurus_albolabris_septentrionalis,Trimeresurus_septentrionalis,
96,Daboia_deserti,Daboia_deserti,http://apps.who.int/bloodproducts/snakeantivenoms/database/Images/SnakesDistribution/Large/map_Daboia_deserti.pdf,Z:/users/joshua/Snakebite/WHO EOR shapefiles/Daboia_deserti.shp,Z:/users/joshua/Snakebite/WHO EOR rasters/Daboia_deserti.tif,2,1,"TUN, DZA, LBY",0,0,0,1,,,
97,Daboia_mauritanica,Daboia_mauritanica,http://apps.who.int/bloodproducts/snakeantivenoms/database/Images/SnakesDistribution/Large/map_Daboia_mauritanica.pdf,Z:/users/joshua/Snakebite/WHO EOR shapefiles/Daboia_mauritanica.shp,Z:/users/joshua/Snakebite/WHO EOR rasters/Daboia_mauritanica.tif,1,1,"MAR, DZA, TUN",0,0,0,1,,,
98,Daboia_palaestinae,Daboia_palaestinae,http://apps.who.int/bloodproducts/snakeantivenoms/database/Images/SnakesDistribution/Large/map_Daboia_palaestinae.pdf,Z:/users/joshua/Snakebite/WHO EOR shapefiles/Daboia_palaestinae.shp,Z:/users/joshua/Snakebite/WHO EOR rasters/Daboia_palaestinae.tif,1,1,"ISR, JOR, LBN, SYR",1,0,few_historic,0,,,
99,Daboia_russelii,Daboia_russelii,http://apps.who.int/bloodproducts/snakeantivenoms/database/Images/SnakesDistribution/Large/map_Daboia_russelii.pdf,Z:/users/joshua/Snakebite/WHO EOR shapefiles/Daboia_russelii.shp,Z:/users/joshua/Snakebite/WHO EOR rasters/Daboia_russelii.tif,1,0,"PAK, IND, LKA, BGD, NPL, BTN",1,0,few_historic,0,,,
100,Daboia_siamensis,Daboia_siamensis,http://apps.who.int/bloodproducts/snakeantivenoms/database/Images/SnakesDistribution/Large/map_Daboia_siamensis.pdf,Z:/users/joshua/Snakebite/WHO EOR shapefiles/Daboia_siamensis.shp,Z:/users/joshua/Snakebite/WHO EOR rasters/Daboia_siamensis.tif,1,1,"KHM, CHN, HKG, MMR, IDN, THA",1,0,few_historic,0,,,
101,Deinagkistrodon_acutus,Deinagkistrodon_acutus,http://apps.who.int/bloodproducts/snakeantivenoms/database/Images/SnakesDistribution/Large/map_Deinagkistrodon_acutus.pdf,Z:/users/joshua/Snakebite/WHO EOR shapefiles/Deinagkistrodon_acutus.shp,Z:/users/joshua/Snakebite/WHO EOR rasters/Deinagkistrodon_acutus.tif,1,1,"CHN, VNM",1,few,few_historic,0,,,
102,Dendroaspis_angusticeps,Dendroaspis_angusticeps,http://apps.who.int/bloodproducts/snakeantivenoms/database/Images/SnakesDistribution/Large/map_Dendroaspis_angusticeps.pdf,Z:/users/joshua/Snakebite/WHO EOR shapefiles/Dendroaspis_angusticeps.shp,Z:/users/joshua/Snakebite/WHO EOR rasters/Dendroaspis_angusticeps.tif,1,0,"ZAF, KEN, MWI, MOZ, TZA, ZWE",1,0,few_historic,0,,,
103,Dendroaspis_jamesoni,Dendroaspis_jamesoni,http://apps.who.int/bloodproducts/snakeantivenoms/database/Images/SnakesDistribution/Large/map_Dendroaspis_jamesoni.pdf,Z:/users/joshua/Snakebite/WHO EOR shapefiles/Dendroaspis_jamesoni.shp,Z:/users/joshua/Snakebite/WHO EOR rasters/Dendroaspis_jamesoni.tif,1,0,"AGO, BEN, BDI, CMR, CAF, COG, COD, SSD, GNQ, GAB, NGA, RWA, STP, TGO, UGA, TZA, KEN",1,excessive,few_historic,0,,,
104,Dendroaspis_polylepis,Dendroaspis_polylepis,http://apps.who.int/bloodproducts/snakeantivenoms/database/Images/SnakesDistribution/Large/map_Dendroaspis_polylepis.pdf,Z:/users/joshua/Snakebite/WHO EOR shapefiles/Dendroaspis_polylepis.shp,Z:/users/joshua/Snakebite/WHO EOR rasters/Dendroaspis_polylepis.tif,1,0,"KEN, SDN, AGO, BWA, BFA, CMR, CAF, CIV, COD, DJI, SSD, ERI, ETH, GIN, MWI, MOZ, NAM, RWA, SEN, SOM, SWZ, UGA, ZMB, ZWE, ZAF, TZA",1,few,few_historic,0,,,
105,Dendroaspis_viridis,Dendroaspis_viridis,http://apps.who.int/bloodproducts/snakeantivenoms/database/Images/SnakesDistribution/Large/map_Dendroaspis_viridis.pdf,Z:/users/joshua/Snakebite/WHO EOR shapefiles/Dendroaspis_viridis.shp,Z:/users/joshua/Snakebite/WHO EOR rasters/Dendroaspis_viridis.tif,1,0,"BEN, CIV, GMB, GHA, GNB, GIN, LBR, SEN, SLE, TGO",1,excessive,few_historic,0,,,
106,Dispholidus_typus,Dispholidus_typus,http://apps.who.int/bloodproducts/snakeantivenoms/database/Images/SnakesDistribution/Large/map_Dispholidus_typus.pdf,Z:/users/joshua/Snakebite/WHO EOR shapefiles/Dispholidus_typus.shp,Z:/users/joshua/Snakebite/WHO EOR rasters/Dispholidus_typus.tif,2,1,"TZA, SDN, AGO, BEN, BWA, BFA, BDI, CMR, CAF, TCD, COG, CIV, COD, DJI, SSD, ERI, ETH, GMB, GHA, GNB, GIN, MWI, MLI, MRT, MOZ, NAM, NER, RWA, SEN, SLE, SOM, TGO, UGA, ZMB, ZWE, KEN, ZAF, NGA",1,few,few_historic,0,,,
107,Echis_borkini,Echis_borkini,http://apps.who.int/bloodproducts/snakeantivenoms/database/Images/SnakesDistribution/Large/map_Echis_borkini.pdf,Z:/users/joshua/Snakebite/WHO EOR shapefiles/Echis_borkini.shp,Z:/users/joshua/Snakebite/WHO EOR rasters/Echis_borkini.tif,1,1,"SAU, YEM",0,0,0,0,,,
108,Echis_carinatus,Echis_carinatus,http://apps.who.int/bloodproducts/snakeantivenoms/database/Images/SnakesDistribution/Large/map_Echis_carinatus.pdf,Z:/users/joshua/Snakebite/WHO EOR shapefiles/Echis_carinatus.shp,Z:/users/joshua/Snakebite/WHO EOR rasters/Echis_carinatus.tif,1,0,"OMN, IND, IRQ, LKA, PAK, AFG, TJK, KAZ, UZB, TKM, IRN, ARE",0,0,0,1,,,
109,Echis_coloratus,Echis_coloratus,http://apps.who.int/bloodproducts/snakeantivenoms/database/Images/SnakesDistribution/Large/map_Echis_coloratus.pdf,Z:/users/joshua/Snakebite/WHO EOR shapefiles/Echis_coloratus.shp,Z:/users/joshua/Snakebite/WHO EOR rasters/Echis_coloratus.tif,1,1,"EGY, ISR, JOR, OMN, SAU, SYR, SDN, YEM",1,0,few_historic,0,,,
110,Echis_hughesi,Echis_hughesi,http://apps.who.int/bloodproducts/snakeantivenoms/database/Images/SnakesDistribution/Large/map_Echis_hughesi.pdf,Z:/users/joshua/Snakebite/WHO EOR shapefiles/Echis_hughesi.shp,Z:/users/joshua/Snakebite/WHO EOR rasters/Echis_hughesi.tif,2,1,SOM,0,0,0,1,,,
111,Echis_jogeri,Echis_jogeri,http://apps.who.int/bloodproducts/snakeantivenoms/database/Images/SnakesDistribution/Large/map_Echis_jogeri.pdf,Z:/users/joshua/Snakebite/WHO EOR shapefiles/Echis_jogeri.shp,Z:/users/joshua/Snakebite/WHO EOR rasters/Echis_jogeri.tif,1,1,"GMB, GNB, GIN, MLI, SEN",0,0,0,1,,,
112,Echis_khosatzkii,Echis_khosatzkii,http://apps.who.int/bloodproducts/snakeantivenoms/database/Images/SnakesDistribution/Large/map_Echis_khosatzkii.pdf,Z:/users/joshua/Snakebite/WHO EOR shapefiles/Echis_khosatzkii.shp,Z:/users/joshua/Snakebite/WHO EOR rasters/Echis_khosatzkii.tif,2,1,"OMN, YEM",0,0,0,1,,,
113,Echis_leucogaster,Echis_leucogaster,http://apps.who.int/bloodproducts/snakeantivenoms/database/Images/SnakesDistribution/Large/map_Echis_leucogaster.pdf,Z:/users/joshua/Snakebite/WHO EOR shapefiles/Echis_leucogaster.shp,Z:/users/joshua/Snakebite/WHO EOR rasters/Echis_leucogaster.tif,2,0,"DZA, BEN, BFA, GMB, MLI, MRT, MAR, NER, NGA, SEN, TUN",0,0,0,0,,,
114,Echis_megalocephalus,Echis_megalocephalus,http://apps.who.int/bloodproducts/snakeantivenoms/database/Images/SnakesDistribution/Large/map_Echis_megalocephalus.pdf,Z:/users/joshua/Snakebite/WHO EOR shapefiles/Echis_megalocephalus.shp,Z:/users/joshua/Snakebite/WHO EOR rasters/Echis_megalocephalus.tif,2,1,ERI,0,0,0,1,,,
115,Echis_ocellatus,Echis_ocellatus,http://apps.who.int/bloodproducts/snakeantivenoms/database/Images/SnakesDistribution/Large/map_Echis_ocellatus.pdf,Z:/users/joshua/Snakebite/WHO EOR shapefiles/Echis_ocellatus.shp,Z:/users/joshua/Snakebite/WHO EOR rasters/Echis_ocellatus.tif,1,1,"BEN, BFA, CMR, CAF, TCD, CIV, GHA, MLI, NER, NGA, TGO",1,few,few_historic,0,,,
116,Echis_omanensis,Echis_omanensis,http://apps.who.int/bloodproducts/snakeantivenoms/database/Images/SnakesDistribution/Large/map_Echis_omanensis.pdf,Z:/users/joshua/Snakebite/WHO EOR shapefiles/Echis_omanensis.shp,Z:/users/joshua/Snakebite/WHO EOR rasters/Echis_omanensis.tif,1,1,"OMN, ARE",0,0,0,0,,,
117,Echis_pyramidum,Echis_pyramidum,http://apps.who.int/bloodproducts/snakeantivenoms/database/Images/SnakesDistribution/Large/map_Echis_pyramidum.pdf,Z:/users/joshua/Snakebite/WHO EOR shapefiles/Echis_pyramidum.shp,Z:/users/joshua/Snakebite/WHO EOR rasters/Echis_pyramidum.tif,1,1,"SDN, CAF, DJI, SSD, ERI, ETH, LBY, SOM, EGY, KEN",1,0,few_historic,0,,,
118,Eristocophis_macmahoni,Eristocophis_macmahoni,http://apps.who.int/bloodproducts/snakeantivenoms/database/Images/SnakesDistribution/Large/map_Eristocophis_macmahoni.pdf,Z:/users/joshua/Snakebite/WHO EOR shapefiles/Eristocophis_macmahoni.shp,Z:/users/joshua/Snakebite/WHO EOR rasters/Eristocophis_macmahoni.tif,2,1,"IRN, PAK, AFG",0,0,0,1,,,
119,Gloydius_blomhoffi,Gloydius_blomhoffi,http://apps.who.int/bloodproducts/snakeantivenoms/database/Images/SnakesDistribution/Large/map_Gloydius_blomhoffi.pdf,Z:/users/joshua/Snakebite/WHO EOR shapefiles/Gloydius_blomhoffi.shp,Z:/users/joshua/Snakebite/WHO EOR rasters/Gloydius_blomhoffi.tif,1,1,JPN,1,0,few_historic,0,,,
120,Gloydius_brevicaudus,Gloydius_brevicaudus,http://apps.who.int/bloodproducts/snakeantivenoms/database/Images/SnakesDistribution/Large/map_Gloydius_brevicaudus.pdf,Z:/users/joshua/Snakebite/WHO EOR shapefiles/Gloydius_brevicaudus.shp,Z:/users/joshua/Snakebite/WHO EOR rasters/Gloydius_brevicaudus.tif,1,1,"CHN, PRK, KOR",1,0,few_historic,0,,,
121,Gloydius_halys,Gloydius_halys,http://apps.who.int/bloodproducts/snakeantivenoms/database/Images/SnakesDistribution/Large/map_Gloydius_halys.pdf,Z:/users/joshua/Snakebite/WHO EOR shapefiles/Gloydius_halys.shp,Z:/users/joshua/Snakebite/WHO EOR rasters/Gloydius_halys.tif,1,0,"AFG, KAZ, MNG, CHN, KGZ, RUS, TJK, TKM, UZB",1,few,few_historic,0,,,
122,Gloydius_halys_caucasicus,Gloydius_halys_caucasicus,http://apps.who.int/bloodproducts/snakeantivenoms/database/Images/SnakesDistribution/Large/map_Gloydius_halys_caucasicus.pdf,Z:/users/joshua/Snakebite/WHO EOR shapefiles/Gloydius_halys_caucasicus.shp,Z:/users/joshua/Snakebite/WHO EOR rasters/Gloydius_halys_caucasicus.tif,2,1,"AZE, IRN, TKM, AFG",1,0,few_historic,0,,,
123,Gloydius_himalayanus,Gloydius_himalayanus,http://apps.who.int/bloodproducts/snakeantivenoms/database/Images/SnakesDistribution/Large/map_Gloydius_himalayanus.pdf,Z:/users/joshua/Snakebite/WHO EOR shapefiles/Gloydius_himalayanus.shp,Z:/users/joshua/Snakebite/WHO EOR rasters/Gloydius_himalayanus.tif,2,1,"NPL, PAK, IND",0,0,0,1,,,
124,Gloydius_intermedius,Gloydius_intermedius,http://apps.who.int/bloodproducts/snakeantivenoms/database/Images/SnakesDistribution/Large/map_Gloydius_intermedius.pdf,Z:/users/joshua/Snakebite/WHO EOR shapefiles/Gloydius_intermedius.shp,Z:/users/joshua/Snakebite/WHO EOR rasters/Gloydius_intermedius.tif,2,1,"CHN, PRK, RUS, KOR",1,0,few_historic,0,,,
125,Gloydius_tsushimaensis,Gloydius_tsushimaensis,http://apps.who.int/bloodproducts/snakeantivenoms/database/Images/SnakesDistribution/Large/map_Gloydius_tsushimaensis.pdf,Z:/users/joshua/Snakebite/WHO EOR shapefiles/Gloydius_tsushimaensis.shp,Z:/users/joshua/Snakebite/WHO EOR rasters/Gloydius_tsushimaensis.tif,2,1,JPN,0,0,0,1,,,
126,Gloydius_ussuriensis,Gloydius_ussuriensis,http://apps.who.int/bloodproducts/snakeantivenoms/database/Images/SnakesDistribution/Large/map_Gloydius_ussuriensis.pdf,Z:/users/joshua/Snakebite/WHO EOR shapefiles/Gloydius_ussuriensis.shp,Z:/users/joshua/Snakebite/WHO EOR rasters/Gloydius_ussuriensis.tif,2,1,"CHN, PRK, RUS, KOR",1,few,0,0,,,
127,Hemachatus_haemachatus,Hemachatus_haemachatus,http://apps.who.int/bloodproducts/snakeantivenoms/database/Images/SnakesDistribution/Large/map_Hemachatus_haemachatus.pdf,Z:/users/joshua/Snakebite/WHO EOR shapefiles/Hemachatus_haemachatus.shp,Z:/users/joshua/Snakebite/WHO EOR rasters/Hemachatus_haemachatus.tif,2,1,"LSO, MOZ, SWZ, ZWE, ZAF",1,0,excessive_historic,0,,,
128,Himalayophis_tibetanus,Himalayophis_tibetanus,http://apps.who.int/bloodproducts/snakeantivenoms/database/Images/SnakesDistribution/Large/map_Himalayophis_tibetanus.pdf,Z:/users/joshua/Snakebite/WHO EOR shapefiles/Himalayophis_tibetanus.shp,Z:/users/joshua/Snakebite/WHO EOR rasters/Himalayophis_tibetanus.tif,2,1,"CHN, NPL",0,0,0,1,,,
129,Hoplocephalus_spp,Hoplocephalus_bitorquatus,http://apps.who.int/bloodproducts/snakeantivenoms/database/Images/SnakesDistribution/Large/map_Hoplocephalus_spp.pdf,Z:/users/joshua/Snakebite/WHO EOR shapefiles/Hoplocephalus_bitorquatus.shp,Z:/users/joshua/Snakebite/WHO EOR rasters/Hoplocephalus_bitorquatus.tif,2,1,AUS,1,0,few_historic,0,,,
129,Hoplocephalus_spp,Hoplocephalus_bungaroides,http://apps.who.int/bloodproducts/snakeantivenoms/database/Images/SnakesDistribution/Large/map_Hoplocephalus_spp.pdf,Z:/users/joshua/Snakebite/WHO EOR shapefiles/Hoplocephalus_bungaroides.shp,Z:/users/joshua/Snakebite/WHO EOR rasters/Hoplocephalus_bungaroides.tif,2,1,AUS,1,excessive,excessive_historic,0,,,
129,Hoplocephalus_spp,Hoplocephalus_stephensii,http://apps.who.int/bloodproducts/snakeantivenoms/database/Images/SnakesDistribution/Large/map_Hoplocephalus_spp.pdf,Z:/users/joshua/Snakebite/WHO EOR shapefiles/Hoplocephalus_stephensii.shp,Z:/users/joshua/Snakebite/WHO EOR rasters/Hoplocephalus_stephensii.tif,2,1,AUS,1,few,few_historic,0,,,
130,Hypnale_hypnale,Hypnale_hypnale,http://apps.who.int/bloodproducts/snakeantivenoms/database/Images/SnakesDistribution/Large/map_Hypnale_hypnale.pdf,Z:/users/joshua/Snakebite/WHO EOR shapefiles/Hypnale_hypnale.shp,Z:/users/joshua/Snakebite/WHO EOR rasters/Hypnale_hypnale.tif,1,1,"LKA, IND",1,few,few_historic,0,,,
131,Hypnale_nepa,Hypnale_nepa,http://apps.who.int/bloodproducts/snakeantivenoms/database/Images/SnakesDistribution/Large/map_Hypnale_nepa.pdf,Z:/users/joshua/Snakebite/WHO EOR shapefiles/Hypnale_nepa.shp,Z:/users/joshua/Snakebite/WHO EOR rasters/Hypnale_nepa.tif,2,1,LKA,0,0,0,0,,,
132,Lachesis_acrochorda,Lachesis_acrochorda,http://apps.who.int/bloodproducts/snakeantivenoms/database/Images/SnakesDistribution/Large/map_Lachesis_acrochorda.pdf,Z:/users/joshua/Snakebite/WHO EOR shapefiles/Lachesis_acrochorda.shp,Z:/users/joshua/Snakebite/WHO EOR rasters/Lachesis_acrochorda.tif,2,1,"COL, ECU, PAN",1,few,few_historic,0,,,
133,Lachesis_melanocephala,Lachesis_melanocephala,http://apps.who.int/bloodproducts/snakeantivenoms/database/Images/SnakesDistribution/Large/map_Lachesis_melanocephala.pdf,Z:/users/joshua/Snakebite/WHO EOR shapefiles/Lachesis_melanocephala.shp,Z:/users/joshua/Snakebite/WHO EOR rasters/Lachesis_melanocephala.tif,2,1,CRI,1,0,few_historic,0,,,
134,Lachesis_muta,Lachesis_muta,http://apps.who.int/bloodproducts/snakeantivenoms/database/Images/SnakesDistribution/Large/map_Lachesis_muta.pdf,Z:/users/joshua/Snakebite/WHO EOR shapefiles/Lachesis_muta.shp,Z:/users/joshua/Snakebite/WHO EOR rasters/Lachesis_muta.tif,2,0,"BOL, BRA, COL, ECU, GUF, GUY, SUR, TTO, VEN, PER",1,few,few_historic,0,,,
135,Lachesis_stenophyrs,Lachesis_stenophyrs,http://apps.who.int/bloodproducts/snakeantivenoms/database/Images/SnakesDistribution/Large/map_Lachesis_stenophyrs.pdf,Z:/users/joshua/Snakebite/WHO EOR shapefiles/Lachesis_stenophyrs.shp,Z:/users/joshua/Snakebite/WHO EOR rasters/Lachesis_stenophyrs.tif,2,1,"CRI, PAN",0,0,0,1,,,
136,Macrovipera_lebetina,Macrovipera_lebetina,http://apps.who.int/bloodproducts/snakeantivenoms/database/Images/SnakesDistribution/Large/map_Macrovipera_lebetina.pdf,Z:/users/joshua/Snakebite/WHO EOR shapefiles/Macrovipera_lebetina.shp,Z:/users/joshua/Snakebite/WHO EOR rasters/Macrovipera_lebetina.tif,1,0,"JOR, PAK, RUS, DZA, CYP, IRQ, LBN, SYR, TUR, AZE, GEO, ARM, IRN, IND, AFG, TKM, UZB, TJK",1,few,few_historic,0,,,
137,Macrovipera_schweizeri,Macrovipera_schweizeri,http://apps.who.int/bloodproducts/snakeantivenoms/database/Images/SnakesDistribution/Large/map_Macrovipera_schweizeri.pdf,Z:/users/joshua/Snakebite/WHO EOR shapefiles/Macrovipera_schweizeri.shp,Z:/users/joshua/Snakebite/WHO EOR rasters/Macrovipera_schweizeri.tif,2,1,GRC,0,0,0,1,,,
138,Micropechis_ikaheka,Micropechis_ikaheka,http://apps.who.int/bloodproducts/snakeantivenoms/database/Images/SnakesDistribution/Large/map_Micropechis_ikaheka.pdf,Z:/users/joshua/Snakebite/WHO EOR shapefiles/Micropechis_ikaheka.shp,Z:/users/joshua/Snakebite/WHO EOR rasters/Micropechis_ikaheka.tif,2,1,"IDN, PNG",1,0,few_historic,0,,,
139,Micruroides_euryxanthus,Micruroides_euryxanthus,http://apps.who.int/bloodproducts/snakeantivenoms/database/Images/SnakesDistribution/Large/map_Micruroides_euryxanthus.pdf,Z:/users/joshua/Snakebite/WHO EOR shapefiles/Micruroides_euryxanthus.shp,Z:/users/joshua/Snakebite/WHO EOR rasters/Micruroides_euryxanthus.tif,2,1,"USA, MEX",1,few,few_historic,0,,,
140,Micrurus_circinalis,Micrurus_circinalis,http://apps.who.int/bloodproducts/snakeantivenoms/database/Images/SnakesDistribution/Large/map_Micrurus_circinalis.pdf,Z:/users/joshua/Snakebite/WHO EOR shapefiles/Micrurus_circinalis.shp,Z:/users/joshua/Snakebite/WHO EOR rasters/Micrurus_circinalis.tif,2,1,"TTO, VEN",0,0,0,0,,,
141,Micrurus_corallinus,Micrurus_corallinus,http://apps.who.int/bloodproducts/snakeantivenoms/database/Images/SnakesDistribution/Large/map_Micrurus_corallinus.pdf,Z:/users/joshua/Snakebite/WHO EOR shapefiles/Micrurus_corallinus.shp,Z:/users/joshua/Snakebite/WHO EOR rasters/Micrurus_corallinus.tif,2,1,"ARG, BRA, PRY, URY",1,0,few_historic,0,,,
142,Micrurus_fulvius,Micrurus_fulvius,http://apps.who.int/bloodproducts/snakeantivenoms/database/Images/SnakesDistribution/Large/map_Micrurus_fulvius.pdf,Z:/users/joshua/Snakebite/WHO EOR shapefiles/Micrurus_fulvius.shp,Z:/users/joshua/Snakebite/WHO EOR rasters/Micrurus_fulvius.tif,2,1,USA,1,0,excessive_historic,0,,,
143,Micrurus_lemniscatus,Micrurus_lemniscatus,http://apps.who.int/bloodproducts/snakeantivenoms/database/Images/SnakesDistribution/Large/map_Micrurus_lemniscatus.pdf,Z:/users/joshua/Snakebite/WHO EOR shapefiles/Micrurus_lemniscatus.shp,Z:/users/joshua/Snakebite/WHO EOR rasters/Micrurus_lemniscatus.tif,2,1,"ARG, BOL, BRA, COL, ECU, GUF, GUY, PRY, SUR, TTO, VEN, PER",1,few,excessive_historic,0,,,
144,Micrurus_mipartitus,Micrurus_mipartitus,http://apps.who.int/bloodproducts/snakeantivenoms/database/Images/SnakesDistribution/Large/map_Micrurus_mipartitus.pdf,Z:/users/joshua/Snakebite/WHO EOR shapefiles/Micrurus_mipartitus.shp,Z:/users/joshua/Snakebite/WHO EOR rasters/Micrurus_mipartitus.tif,2,1,"COL, ECU, PAN, VEN, PER",1,few,excessive_historic,0,,,
145,Micrurus_nigrocinctus,Micrurus_nigrocinctus,http://apps.who.int/bloodproducts/snakeantivenoms/database/Images/SnakesDistribution/Large/map_Micrurus_nigrocinctus.pdf,Z:/users/joshua/Snakebite/WHO EOR shapefiles/Micrurus_nigrocinctus.shp,Z:/users/joshua/Snakebite/WHO EOR rasters/Micrurus_nigrocinctus.tif,2,1,"COL, CRI, SLV, GTM, HND, NIC, PAN, MEX",1,0,excessive_historic,0,,,
146,Micrurus_spixii,Micrurus_spixii,http://apps.who.int/bloodproducts/snakeantivenoms/database/Images/SnakesDistribution/Large/map_Micrurus_spixii.pdf,Z:/users/joshua/Snakebite/WHO EOR shapefiles/Micrurus_spixii.shp,Z:/users/joshua/Snakebite/WHO EOR rasters/Micrurus_spixii.tif,2,1,"BOL, BRA, COL, ECU, PRY, VEN, PER",1,0,few_historic,0,,,
147,Micrurus_spp,Micrurus_spp,http://apps.who.int/bloodproducts/snakeantivenoms/database/Images/SnakesDistribution/Large/map_Micrurus_spp.pdf,Z:/users/joshua/Snakebite/WHO EOR shapefiles/Micrurus_spp.shp,Z:/users/joshua/Snakebite/WHO EOR rasters/Micrurus_spp.tif,2,1,"ARG, BLZ, BOL, BRA, COL, CRI, ECU, SLV, GUF, GTM, GUY, HND, NIC, PAN, PRY, SUR, TTO, URY, VEN, MEX, PER",0,0,0,1,,,
148,Micrurus_surinamensis,Micrurus_surinamensis,http://apps.who.int/bloodproducts/snakeantivenoms/database/Images/SnakesDistribution/Large/map_Micrurus_surinamensis.pdf,Z:/users/joshua/Snakebite/WHO EOR shapefiles/Micrurus_surinamensis.shp,Z:/users/joshua/Snakebite/WHO EOR rasters/Micrurus_surinamensis.tif,2,1,"BOL, BRA, COL, ECU, GUF, GUY, SUR, VEN, PER",1,0,few_historic,0,,,
149,Micrurus_tener,Micrurus_tener,http://apps.who.int/bloodproducts/snakeantivenoms/database/Images/SnakesDistribution/Large/map_Micrurus_tener.pdf,Z:/users/joshua/Snakebite/WHO EOR shapefiles/Micrurus_tener.shp,Z:/users/joshua/Snakebite/WHO EOR rasters/Micrurus_tener.tif,2,1,"USA, MEX",1,few,few_historic,0,,,
150,Montivipera_raddei,Montivipera_raddei,http://apps.who.int/bloodproducts/snakeantivenoms/database/Images/SnakesDistribution/Large/map_Montivipera_raddei.pdf,Z:/users/joshua/Snakebite/WHO EOR shapefiles/Montivipera_raddei.shp,Z:/users/joshua/Snakebite/WHO EOR rasters/Montivipera_raddei.tif,2,1,"ARM, AZE, IRN, TUR",1,0,few_historic,0,,,
151,Montivipera_xanthina,Montivipera_xanthina,http://apps.who.int/bloodproducts/snakeantivenoms/database/Images/SnakesDistribution/Large/map_Montivipera_xanthina.pdf,Z:/users/joshua/Snakebite/WHO EOR shapefiles/Montivipera_xanthina.shp,Z:/users/joshua/Snakebite/WHO EOR rasters/Montivipera_xanthina.tif,1,0,"GRC, TUR",1,0,few_historic,0,,,
152,Naja_anchietae,Naja_anchietae,http://apps.who.int/bloodproducts/snakeantivenoms/database/Images/SnakesDistribution/Large/map_Naja_anchietae.pdf,Z:/users/joshua/Snakebite/WHO EOR shapefiles/Naja_anchietae.shp,Z:/users/joshua/Snakebite/WHO EOR rasters/Naja_anchietae.tif,1,1,"AGO, BWA, NAM, ZMB, ZWE",1,few,few_historic,0,,,
153,Naja_annulata,Naja_annulata,http://apps.who.int/bloodproducts/snakeantivenoms/database/Images/SnakesDistribution/Large/map_Naja_annulata.pdf,Z:/users/joshua/Snakebite/WHO EOR shapefiles/Naja_annulata.shp,Z:/users/joshua/Snakebite/WHO EOR rasters/Naja_annulata.tif,2,1,"AGO, BDI, CMR, CAF, COG, COD, GNQ, GAB, RWA, ZMB, TZA",1,0,few_historic,0,,,
154,Naja_annulifera,Naja_annulifera,http://apps.who.int/bloodproducts/snakeantivenoms/database/Images/SnakesDistribution/Large/map_Naja_annulifera.pdf,Z:/users/joshua/Snakebite/WHO EOR shapefiles/Naja_annulifera.shp,Z:/users/joshua/Snakebite/WHO EOR rasters/Naja_annulifera.tif,1,1,"BWA, MWI, MOZ, SWZ, ZMB, ZWE, ZAF",1,0,few_historic,0,,,
155,Naja_arabica,Naja_arabica,http://apps.who.int/bloodproducts/snakeantivenoms/database/Images/SnakesDistribution/Large/map_Naja_arabica.pdf,Z:/users/joshua/Snakebite/WHO EOR shapefiles/Naja_arabica.shp,Z:/users/joshua/Snakebite/WHO EOR rasters/Naja_arabica.tif,2,0,"OMN, SAU, YEM",0,0,0,1,,,
156,Naja_ashei,Naja_ashei,http://apps.who.int/bloodproducts/snakeantivenoms/database/Images/SnakesDistribution/Large/map_Naja_ashei.pdf,Z:/users/joshua/Snakebite/WHO EOR shapefiles/Naja_ashei.shp,Z:/users/joshua/Snakebite/WHO EOR rasters/Naja_ashei.tif,1,1,"KEN, SSD, ETH, SOM, UGA",1,0,few_historic,0,,,
157,Naja_atra,Naja_atra,http://apps.who.int/bloodproducts/snakeantivenoms/database/Images/SnakesDistribution/Large/map_Naja_atra.pdf,Z:/users/joshua/Snakebite/WHO EOR shapefiles/Naja_atra.shp,Z:/users/joshua/Snakebite/WHO EOR rasters/Naja_atra.tif,1,1,"CHN, LAO, MAC, HKG, VNM",0,0,0,0,,,
158,Naja_christyi,Naja_christyi,http://apps.who.int/bloodproducts/snakeantivenoms/database/Images/SnakesDistribution/Large/map_Naja_christyi.pdf,Z:/users/joshua/Snakebite/WHO EOR shapefiles/Naja_christyi.shp,Z:/users/joshua/Snakebite/WHO EOR rasters/Naja_christyi.tif,2,1,"AGO, COG, COD",0,0,0,1,,,
159,Naja_haje,Naja_haje,http://apps.who.int/bloodproducts/snakeantivenoms/database/Images/SnakesDistribution/Large/map_Naja_haje.pdf,Z:/users/joshua/Snakebite/WHO EOR shapefiles/Naja_haje.shp,Z:/users/joshua/Snakebite/WHO EOR rasters/Naja_haje.tif,1,0,"DZA, SDN, CMR, CAF, TCD, COD, DJI, SSD, ERI, ETH, LBY, MLI, MAR, NER, NGA, SOM, TUN, UGA, ESH, EGY, KEN, TZA",0,0,0,1,,,
160,Naja_kaouthia,Naja_kaouthia,http://apps.who.int/bloodproducts/snakeantivenoms/database/Images/SnakesDistribution/Large/map_Naja_kaouthia.pdf,Z:/users/joshua/Snakebite/WHO EOR shapefiles/Naja_kaouthia.shp,Z:/users/joshua/Snakebite/WHO EOR rasters/Naja_kaouthia.tif,1,0,"BGD, IND, BTN, KHM, CHN, LAO, MYS, NPL, MMR, VNM, THA",1,0,few_historic,0,,,
161,Naja_katiensis,Naja_katiensis,http://apps.who.int/bloodproducts/snakeantivenoms/database/Images/SnakesDistribution/Large/map_Naja_katiensis.pdf,Z:/users/joshua/Snakebite/WHO EOR shapefiles/Naja_katiensis.shp,Z:/users/joshua/Snakebite/WHO EOR rasters/Naja_katiensis.tif,2,0,"BEN, BFA, CMR, CIV, GHA, GIN, MLI, MRT, NER, NGA, SEN, TGO",1,0,few_historic,0,,,
162,Naja_mandalayensis,Naja_mandalayensis,http://apps.who.int/bloodproducts/snakeantivenoms/database/Images/SnakesDistribution/Large/map_Naja_mandalayensis.pdf,Z:/users/joshua/Snakebite/WHO EOR shapefiles/Naja_mandalayensis.shp,Z:/users/joshua/Snakebite/WHO EOR rasters/Naja_mandalayensis.tif,1,1,MMR,0,0,0,0,,,
163,Naja_melanoleuca,Naja_melanoleuca,http://apps.who.int/bloodproducts/snakeantivenoms/database/Images/SnakesDistribution/Large/map_Naja_melanoleuca.pdf,Z:/users/joshua/Snakebite/WHO EOR shapefiles/Naja_melanoleuca.shp,Z:/users/joshua/Snakebite/WHO EOR rasters/Naja_melanoleuca.tif,2,0,"KEN, GAB, GIN, SLE, CIV, MLI, TZA, AGO, BEN, BFA, BDI, CMR, CAF, COG, COD, SSD, GNQ, ETH, GMB, GHA, GNB, LBR, MWI, MOZ, NER, NGA, RWA, STP, SEN, SOM, SWZ, TGO, UGA, ZMB, ZWE, ZAF",1,few,few_historic,0,,,
164,Naja_mossambica,Naja_mossambica,http://apps.who.int/bloodproducts/snakeantivenoms/database/Images/SnakesDistribution/Large/map_Naja_mossambica.pdf,Z:/users/joshua/Snakebite/WHO EOR shapefiles/Naja_mossambica.shp,Z:/users/joshua/Snakebite/WHO EOR rasters/Naja_mossambica.tif,1,0,"AGO, BWA, MWI, MOZ, NAM, SWZ, ZMB, ZWE, ZAF, TZA",1,few,few_historic,0,,,
165,Naja_naja,Naja_naja,http://apps.who.int/bloodproducts/snakeantivenoms/database/Images/SnakesDistribution/Large/map_Naja_naja.pdf,Z:/users/joshua/Snakebite/WHO EOR shapefiles/Naja_naja.shp,Z:/users/joshua/Snakebite/WHO EOR rasters/Naja_naja.tif,1,0,"BGD, IND, BTN, NPL, PAK, LKA",1,0,few_historic,0,,,
166,Naja_nigricincta,Naja_nigricincta,http://apps.who.int/bloodproducts/snakeantivenoms/database/Images/SnakesDistribution/Large/map_Naja_nigricincta.pdf,Z:/users/joshua/Snakebite/WHO EOR shapefiles/Naja_nigricincta.shp,Z:/users/joshua/Snakebite/WHO EOR rasters/Naja_nigricincta.tif,2,0,"AGO, BWA, NAM, ZAF",1,0,few_historic,0,,,
167,Naja_nigricollis,Naja_nigricollis,http://apps.who.int/bloodproducts/snakeantivenoms/database/Images/SnakesDistribution/Large/map_Naja_nigricollis.pdf,Z:/users/joshua/Snakebite/WHO EOR shapefiles/Naja_nigricollis.shp,Z:/users/joshua/Snakebite/WHO EOR rasters/Naja_nigricollis.tif,1,0,"SDN, AGO, BEN, BFA, BDI, CMR, CAF, TCD, COG, CIV, COD, SSD, ETH, GMB, GHA, GNB, GIN, MWI, MLI, NAM, NER, NGA, RWA, SEN, TGO, UGA, ZMB, TZA, KEN",1,few,excessive_historic,0,,,
168,Naja_nivea,Naja_nivea,http://apps.who.int/bloodproducts/snakeantivenoms/database/Images/SnakesDistribution/Large/map_Naja_nivea.pdf,Z:/users/joshua/Snakebite/WHO EOR shapefiles/Naja_nivea.shp,Z:/users/joshua/Snakebite/WHO EOR rasters/Naja_nivea.tif,1,1,"BWA, LSO, NAM, ZAF",1,few,few_historic,0,,,
169,Naja_nubiae,Naja_nubiae,http://apps.who.int/bloodproducts/snakeantivenoms/database/Images/SnakesDistribution/Large/map_Naja_nubiae.pdf,Z:/users/joshua/Snakebite/WHO EOR shapefiles/Naja_nubiae.shp,Z:/users/joshua/Snakebite/WHO EOR rasters/Naja_nubiae.tif,2,1,"SDN, TCD, ERI, NER, EGY",1,0,few_historic,0,,,
170,Naja_oxiana,Naja_oxiana,http://apps.who.int/bloodproducts/snakeantivenoms/database/Images/SnakesDistribution/Large/map_Naja_oxiana.pdf,Z:/users/joshua/Snakebite/WHO EOR shapefiles/Naja_oxiana.shp,Z:/users/joshua/Snakebite/WHO EOR rasters/Naja_oxiana.tif,1,0,"IRN, PAK, TJK, TKM, UZB, AFG, IND",1,0,few_historic,0,,,
171,Naja_pallida,Naja_pallida,http://apps.who.int/bloodproducts/snakeantivenoms/database/Images/SnakesDistribution/Large/map_Naja_pallida.pdf,Z:/users/joshua/Snakebite/WHO EOR shapefiles/Naja_pallida.shp,Z:/users/joshua/Snakebite/WHO EOR rasters/Naja_pallida.tif,2,1,"ETH, TZA, SSD, KEN, SOM, DJI",0,0,0,0,,,
172,Naja_philippinensis,Naja_philippinensis,http://apps.who.int/bloodproducts/snakeantivenoms/database/Images/SnakesDistribution/Large/map_Naja_philippinensis.pdf,Z:/users/joshua/Snakebite/WHO EOR shapefiles/Naja_philippensis.shp,Z:/users/joshua/Snakebite/WHO EOR rasters/Naja_philippensis.tif,1,1,PHL,1,0,few_historic,0,,,
173,Naja_sagittifera,Naja_sagittifera,http://apps.who.int/bloodproducts/snakeantivenoms/database/Images/SnakesDistribution/Large/map_Naja_sagittifera.pdf,Z:/users/joshua/Snakebite/WHO EOR shapefiles/Naja_sagitiffera.shp,Z:/users/joshua/Snakebite/WHO EOR rasters/Naja_sagitiffera.tif,1,1,IND,0,0,0,1,,,
174,Naja_samarensis,Naja_samarensis,http://apps.who.int/bloodproducts/snakeantivenoms/database/Images/SnakesDistribution/Large/map_Naja_samarensis.pdf,Z:/users/joshua/Snakebite/WHO EOR shapefiles/Naja_samarensis.shp,Z:/users/joshua/Snakebite/WHO EOR rasters/Naja_samarensis.tif,1,1,PHL,0,0,0,0,,,
175,Naja_senegalensis,Naja_senegalensis,http://apps.who.int/bloodproducts/snakeantivenoms/database/Images/SnakesDistribution/Large/map_Naja_senegalensis.pdf,Z:/users/joshua/Snakebite/WHO EOR shapefiles/Naja_senegalensis.shp,Z:/users/joshua/Snakebite/WHO EOR rasters/Naja_senegalensis.tif,1,0,"BEN, BFA, CIV, GMB, GHA, GNB, GIN, MLI, MRT, NER, NGA, SEN, TGO",0,0,0,0,,,
176,Naja_siamensis,Naja_siamensis,http://apps.who.int/bloodproducts/snakeantivenoms/database/Images/SnakesDistribution/Large/map_Naja_siamensis.pdf,Z:/users/joshua/Snakebite/WHO EOR shapefiles/Naja_siamensis.shp,Z:/users/joshua/Snakebite/WHO EOR rasters/Naja_siamensis.tif,1,0,"KHM, LAO, MMR, VNM, THA",0,0,0,0,,,
177,Naja_sputatrix,Naja_sputatrix,http://apps.who.int/bloodproducts/snakeantivenoms/database/Images/SnakesDistribution/Large/map_Naja_sputatrix.pdf,Z:/users/joshua/Snakebite/WHO EOR shapefiles/Naja_sputatrix.shp,Z:/users/joshua/Snakebite/WHO EOR rasters/Naja_sputatrix.tif,1,1,IDN,1,0,few_historic,0,,,
178,Naja_sumatrana,Naja_sumatrana,http://apps.who.int/bloodproducts/snakeantivenoms/database/Images/SnakesDistribution/Large/map_Naja_sumatrana.pdf,Z:/users/joshua/Snakebite/WHO EOR shapefiles/Naja_sumatrana.shp,Z:/users/joshua/Snakebite/WHO EOR rasters/Naja_sumatrana.tif,1,0,"BRN, MYS, SGP, IDN, PHL, THA",1,0,few_historic,0,,,
179,Notechis_scutatus,Notechis_scutatus,http://apps.who.int/bloodproducts/snakeantivenoms/database/Images/SnakesDistribution/Large/map_Notechis_scutatus.pdf,Z:/users/joshua/Snakebite/WHO EOR shapefiles/Notechis_scutatus.shp,Z:/users/joshua/Snakebite/WHO EOR rasters/Notechis_scutatus.tif,1,1,AUS,1,few,excessive_historic,0,,,
180,Ophiophagus_hannah,Ophiophagus_hannah,http://apps.who.int/bloodproducts/snakeantivenoms/database/Images/SnakesDistribution/Large/map_Ophiophagus_hannah.pdf,Z:/users/joshua/Snakebite/WHO EOR shapefiles/Ophiophagus_hannah.shp,Z:/users/joshua/Snakebite/WHO EOR rasters/Ophiophagus_hannah.tif,2,1,"BGD, MMR, IND, BTN, BRN, KHM, CHN, MYS, NPL, SGP, VNM, IDN, PHL, THA, LAO",0,0,0,0,,,
181,Ophryacus_spp,Ophryacus_melanurus,http://apps.who.int/bloodproducts/snakeantivenoms/database/Images/SnakesDistribution/Large/map_Ophryacus_spp.pdf,Z:/users/joshua/Snakebite/WHO EOR shapefiles/Ophryacus_melanurus.shp,Z:/users/joshua/Snakebite/WHO EOR rasters/Ophryacus_melanurus.tif,2,1,MEX,1,0,few_historic,0,,,
181,Ophryacus_spp,Ophryacus_undulatus,http://apps.who.int/bloodproducts/snakeantivenoms/database/Images/SnakesDistribution/Large/map_Ophryacus_spp.pdf,Z:/users/joshua/Snakebite/WHO EOR shapefiles/Ophryacus_undulatus.shp,Z:/users/joshua/Snakebite/WHO EOR rasters/Ophryacus_undulatus.tif,2,1,MEX,1,excessive,excessive_historic,0,,,
182,Oxyuranus_microlepidotus,Oxyuranus_microlepidotus,http://apps.who.int/bloodproducts/snakeantivenoms/database/Images/SnakesDistribution/Large/map_Oxyuranus_microlepidotus.pdf,Z:/users/joshua/Snakebite/WHO EOR shapefiles/Oxyuranus_microlepidotus.shp,Z:/users/joshua/Snakebite/WHO EOR rasters/Oxyuranus_microlepidotus.tif,2,1,AUS,1,few,excessive_historic,0,,,
183,Oxyuranus_scutellatus,Oxyuranus_scutellatus,http://apps.who.int/bloodproducts/snakeantivenoms/database/Images/SnakesDistribution/Large/map_Oxyuranus_scutellatus.pdf,Z:/users/joshua/Snakebite/WHO EOR shapefiles/Oxyuranus_scutellatus.shp,Z:/users/joshua/Snakebite/WHO EOR rasters/Oxyuranus_scutellatus.tif,1,0,"AUS, IDN, PNG",1,0,few_historic,0,,,
184,Oxyuranus_temporalis,Oxyuranus_temporalis,http://apps.who.int/bloodproducts/snakeantivenoms/database/Images/SnakesDistribution/Large/map_Oxyuranus_temporalis.pdf,Z:/users/joshua/Snakebite/WHO EOR shapefiles/Oxyuranus_temporalis.shp,Z:/users/joshua/Snakebite/WHO EOR rasters/Oxyuranus_temporalis.tif,2,1,AUS,1,0,few_historic,0,,,
185,Parias_flavomaculatus,Parias_flavomaculatus,http://apps.who.int/bloodproducts/snakeantivenoms/database/Images/SnakesDistribution/Large/map_Parias_flavomaculatus.pdf,Z:/users/joshua/Snakebite/WHO EOR shapefiles/Parias_flavomaculatus.shp,Z:/users/joshua/Snakebite/WHO EOR rasters/Parias_flavomaculatus.tif,2,1,PHL,0,0,0,1,,Trimeresurus_flavomaculatus,
186,Parias_sumatranus,Parias_sumatranus,http://apps.who.int/bloodproducts/snakeantivenoms/database/Images/SnakesDistribution/Large/map_Parias_sumatranus.pdf,Z:/users/joshua/Snakebite/WHO EOR shapefiles/Parias_sumatranus.shp,Z:/users/joshua/Snakebite/WHO EOR rasters/Parias_sumatranus.tif,2,1,"BRN, MYS, IDN, THA",0,0,0,1,,Trimeresurus_sumatranus,
187,Porthidium_lansbergii,Porthidium_lansbergii,http://apps.who.int/bloodproducts/snakeantivenoms/database/Images/SnakesDistribution/Large/map_Porthidium_lansbergii.pdf,Z:/users/joshua/Snakebite/WHO EOR shapefiles/Porthidium_lansbergii.shp,Z:/users/joshua/Snakebite/WHO EOR rasters/Porthidium_lansbergii.tif,2,1,"COL, PAN, VEN",1,few,few_historic,0,,,
188,Porthidium_nasutum,Porthidium_nasutum,http://apps.who.int/bloodproducts/snakeantivenoms/database/Images/SnakesDistribution/Large/map_Porthidium_nasutum.pdf,Z:/users/joshua/Snakebite/WHO EOR shapefiles/Porthidium_nasutum.shp,Z:/users/joshua/Snakebite/WHO EOR rasters/Porthidium_nasutum.tif,2,1,"BLZ, COL, CRI, ECU, GTM, HND, NIC, PAN, MEX",1,few,few_historic,0,,,
189,Porthidium_ophryomegas,Porthidium_ophryomegas,http://apps.who.int/bloodproducts/snakeantivenoms/database/Images/SnakesDistribution/Large/map_Porthidium_ophryomegas.pdf,Z:/users/joshua/Snakebite/WHO EOR shapefiles/Porthidium_ophromegas.shp,Z:/users/joshua/Snakebite/WHO EOR rasters/Porthidium_ophromegas.tif,2,1,"CRI, SLV, GTM, HND, NIC",1,few,few_historic,0,,,
190,Porthidium_spp,Porthidium_hespere,http://apps.who.int/bloodproducts/snakeantivenoms/database/Images/SnakesDistribution/Large/map_Porthidium_spp.pdf,Z:/users/joshua/Snakebite/WHO EOR shapefiles/Porthidium_hespere.shp,Z:/users/joshua/Snakebite/WHO EOR rasters/Porthidium_hespere.tif,2,1,MEX,0,0,0,0,,,
190,Porthidium_spp,Porthidium_dunni,http://apps.who.int/bloodproducts/snakeantivenoms/database/Images/SnakesDistribution/Large/map_Porthidium_spp.pdf,Z:/users/joshua/Snakebite/WHO EOR shapefiles/Porthidium_dunni.shp,Z:/users/joshua/Snakebite/WHO EOR rasters/Porthidium_dunni.tif,2,1,MEX,1,few,excessive_historic,0,,,
190,Porthidium_spp,Porthidium_yucatanicum,http://apps.who.int/bloodproducts/snakeantivenoms/database/Images/SnakesDistribution/Large/map_Porthidium_spp.pdf,Z:/users/joshua/Snakebite/WHO EOR shapefiles/Porthidium_yucatanicum.shp,Z:/users/joshua/Snakebite/WHO EOR rasters/Porthidium_yucatanicum.tif,2,1,MEX,1,few,few_historic,0,,,
190,Porthidium_spp,Porthidium_volcanicum,http://apps.who.int/bloodproducts/snakeantivenoms/database/Images/SnakesDistribution/Large/map_Porthidium_spp.pdf,Z:/users/joshua/Snakebite/WHO EOR shapefiles/Porthidium_volcanicum.shp,Z:/users/joshua/Snakebite/WHO EOR rasters/Porthidium_volcanicum.tif,2,1,CRI,0,0,0,1,,,
190,Porthidium_spp,Porthidium_porrasi,http://apps.who.int/bloodproducts/snakeantivenoms/database/Images/SnakesDistribution/Large/map_Porthidium_spp.pdf,Z:/users/joshua/Snakebite/WHO EOR shapefiles/Porthidium_porrasi.shp,Z:/users/joshua/Snakebite/WHO EOR rasters/Porthidium_porrasi.tif,2,1,CRI,0,0,0,0,,,
190,Porthidium_spp,Porthidium_arcosae,http://apps.who.int/bloodproducts/snakeantivenoms/database/Images/SnakesDistribution/Large/map_Porthidium_spp.pdf,Z:/users/joshua/Snakebite/WHO EOR shapefiles/Porthidium_arcosae.shp,Z:/users/joshua/Snakebite/WHO EOR rasters/Porthidium_arcosae.tif,2,1,ECU,0,0,0,1,,,
191,Proatheris_superciliaris,Proatheris_superciliaris,http://apps.who.int/bloodproducts/snakeantivenoms/database/Images/SnakesDistribution/Large/map_Proatheris_superciliaris.pdf,Z:/users/joshua/Snakebite/WHO EOR shapefiles/Proatheris_superciliaris.shp,Z:/users/joshua/Snakebite/WHO EOR rasters/Proatheris_superciliaris.tif,2,1,"MWI, MOZ, TZA",1,0,few_historic,0,,,
192,Protobothrops_elegans,Protobothrops_elegans,http://apps.who.int/bloodproducts/snakeantivenoms/database/Images/SnakesDistribution/Large/map_Protobothrops_elegans.pdf,Z:/users/joshua/Snakebite/WHO EOR shapefiles/Protobothrops_elegans.shp,Z:/users/joshua/Snakebite/WHO EOR rasters/Protobothrops_elegans.tif,2,1,JPN,0,0,0,1,,,
193,Protobothrops_flavoviridis,Protobothrops_flavoviridis,http://apps.who.int/bloodproducts/snakeantivenoms/database/Images/SnakesDistribution/Large/map_Protobothrops_flavoviridis.pdf,Z:/users/joshua/Snakebite/WHO EOR shapefiles/Protobothrops_flavoviridis.shp,Z:/users/joshua/Snakebite/WHO EOR rasters/Protobothrops_flavoviridis.tif,1,1,JPN,0,0,0,0,,,
194,Protobothrops_jerdonii,Protobothrops_jerdonii,http://apps.who.int/bloodproducts/snakeantivenoms/database/Images/SnakesDistribution/Large/map_Protobothrops_jerdonii.pdf,Z:/users/joshua/Snakebite/WHO EOR shapefiles/Protobothrops_jerdonii.shp,Z:/users/joshua/Snakebite/WHO EOR rasters/Protobothrops_jerdonii.tif,2,1,"IND, BTN, CHN, LAO, NPL, MMR, VNM",1,0,few_historic,0,,,
195,Protobothrops_kaulbacki,Protobothrops_kaulbacki,http://apps.who.int/bloodproducts/snakeantivenoms/database/Images/SnakesDistribution/Large/map_Protobothrops_kaulbacki.pdf,Z:/users/joshua/Snakebite/WHO EOR shapefiles/Protobothrops_kaulbacki.shp,Z:/users/joshua/Snakebite/WHO EOR rasters/Protobothrops_kaulbacki.tif,2,1,"IND, CHN, MMR",0,0,0,0,,,
196,Protobothrops_mangshanensis,Protobothrops_mangshanensis,http://apps.who.int/bloodproducts/snakeantivenoms/database/Images/SnakesDistribution/Large/map_Protobothrops_mangshanensis.pdf,Z:/users/joshua/Snakebite/WHO EOR shapefiles/Protobothrops_mangshanensis.shp,Z:/users/joshua/Snakebite/WHO EOR rasters/Protobothrops_mangshanensis.tif,2,1,CHN,0,0,0,1,,,
197,Protobothrops_mucrosquamatus,Protobothrops_mucrosquamatus,http://apps.who.int/bloodproducts/snakeantivenoms/database/Images/SnakesDistribution/Large/map_Protobothrops_mucrosquamatus.pdf,Z:/users/joshua/Snakebite/WHO EOR shapefiles/Protobothrops_mucrosquamatus.shp,Z:/users/joshua/Snakebite/WHO EOR rasters/Protobothrops_mucrosquamatus.tif,2,0,"IND, CHN, LAO, MMR, VNM",1,few,few_historic,0,,,
198,Pseudechis_australis,Pseudechis_australis,http://apps.who.int/bloodproducts/snakeantivenoms/database/Images/SnakesDistribution/Large/map_Pseudechis_australis.pdf,Z:/users/joshua/Snakebite/WHO EOR shapefiles/Pseudechis_australis.shp,Z:/users/joshua/Snakebite/WHO EOR rasters/Pseudechis_australis.tif,1,1,AUS,1,few,excessive_historic,0,,,
199,Pseudechis_papuanus,Pseudechis_papuanus,http://apps.who.int/bloodproducts/snakeantivenoms/database/Images/SnakesDistribution/Large/map_Pseudechis_papuanus.pdf,Z:/users/joshua/Snakebite/WHO EOR shapefiles/Pseudechis_papuanus.shp,Z:/users/joshua/Snakebite/WHO EOR rasters/Pseudechis_papuanus.tif,2,1,"AUS, IDN, PNG",1,0,few_historic,0,,,
200,Pseudechis_rossignolii,Pseudechis_rossignolii,http://apps.who.int/bloodproducts/snakeantivenoms/database/Images/SnakesDistribution/Large/map_Pseudechis_rossignolii.pdf,Z:/users/joshua/Snakebite/WHO EOR shapefiles/Pseudechis_rossignolii.shp,Z:/users/joshua/Snakebite/WHO EOR rasters/Pseudechis_rossignolii.tif,2,1,"IDN, PNG",1,few,0,0,,,
201,Pseudechis_spp,Pseudechis_butleri,http://apps.who.int/bloodproducts/snakeantivenoms/database/Images/SnakesDistribution/Large/map_Pseudechis_spp.pdf,Z:/users/joshua/Snakebite/WHO EOR shapefiles/Pseudechis_butleri.shp,Z:/users/joshua/Snakebite/WHO EOR rasters/Pseudechis_butleri.tif,2,1,AUS,1,0,few_historic,0,,,
201,Pseudechis_spp,Pseudechis_colletti,http://apps.who.int/bloodproducts/snakeantivenoms/database/Images/SnakesDistribution/Large/map_Pseudechis_spp.pdf,Z:/users/joshua/Snakebite/WHO EOR shapefiles/Pseudechis_colletti.shp,Z:/users/joshua/Snakebite/WHO EOR rasters/Pseudechis_colletti.tif,2,1,AUS,1,0,few_historic,0,,,
201,Pseudechis_spp,Pseudechis_guttatus,http://apps.who.int/bloodproducts/snakeantivenoms/database/Images/SnakesDistribution/Large/map_Pseudechis_spp.pdf,Z:/users/joshua/Snakebite/WHO EOR shapefiles/Pseudechis_guttatus.shp,Z:/users/joshua/Snakebite/WHO EOR rasters/Pseudechis_guttatus.tif,2,1,AUS,1,few,excessive_historic,0,,,
201,Pseudechis_spp,Pseudechis_porphyriacus,http://apps.who.int/bloodproducts/snakeantivenoms/database/Images/SnakesDistribution/Large/map_Pseudechis_spp.pdf,Z:/users/joshua/Snakebite/WHO EOR shapefiles/Pseudechis_porphyriacus.shp,Z:/users/joshua/Snakebite/WHO EOR rasters/Pseudechis_porphyriacus.tif,2,1,AUS,1,few,excessive_historic,0,,,
201,Pseudechis_spp,Pseudechis_weigeli,http://apps.who.int/bloodproducts/snakeantivenoms/database/Images/SnakesDistribution/Large/map_Pseudechis_spp.pdf,Z:/users/joshua/Snakebite/WHO EOR shapefiles/Pseudechis_weigeli.shp,Z:/users/joshua/Snakebite/WHO EOR rasters/Pseudechis_weigeli.tif,2,1,AUS,0,0,0,0,,,
202,Pseudocerastes_fieldi,Pseudocerastes_fieldi,http://apps.who.int/bloodproducts/snakeantivenoms/database/Images/SnakesDistribution/Large/map_Pseudocerastes_fieldi.pdf,Z:/users/joshua/Snakebite/WHO EOR shapefiles/Pseudocerastes_fieldi.shp,Z:/users/joshua/Snakebite/WHO EOR rasters/Pseudocerastes_fieldi.tif,2,1,"IRQ, ISR, JOR, SAU, SYR, EGY",0,0,0,1,,,
203,Pseudocerastes_persicus,Pseudocerastes_persicus,http://apps.who.int/bloodproducts/snakeantivenoms/database/Images/SnakesDistribution/Large/map_Pseudocerastes_persicus.pdf,Z:/users/joshua/Snakebite/WHO EOR shapefiles/Pseudocerastes_persicus.shp,Z:/users/joshua/Snakebite/WHO EOR rasters/Pseudocerastes_persicus.tif,2,0,"IRN, IRQ, OMN, PAK, ARE, AFG",1,few,0,0,,,
204,Pseudohaje_goldii,Pseudohaje_goldii,http://apps.who.int/bloodproducts/snakeantivenoms/database/Images/SnakesDistribution/Large/map_Pseudohaje_goldii.pdf,Z:/users/joshua/Snakebite/WHO EOR shapefiles/Pseudohaje_goldii.shp,Z:/users/joshua/Snakebite/WHO EOR rasters/Pseudohaje_goldii.tif,2,1,"AGO, CMR, CAF, COG, COD, GNQ, GAB, GHA, NGA, RWA, UGA, TZA, KEN",1,0,few_historic,0,,,
205,Pseudohaje_nigra,Pseudohaje_nigra,http://apps.who.int/bloodproducts/snakeantivenoms/database/Images/SnakesDistribution/Large/map_Pseudohaje_nigra.pdf,Z:/users/joshua/Snakebite/WHO EOR shapefiles/Pseudohaje_nigra.shp,Z:/users/joshua/Snakebite/WHO EOR rasters/Pseudohaje_nigra.tif,2,1,"TGO, GHA, BEN, CIV, GIN, LBR, SLE, NGA",1,0,few_historic,0,,,
206,Pseudonaja_affinis,Pseudonaja_affinis,http://apps.who.int/bloodproducts/snakeantivenoms/database/Images/SnakesDistribution/Large/map_Pseudonaja_affinis.pdf,Z:/users/joshua/Snakebite/WHO EOR shapefiles/Pseudonaja_affinis.shp,Z:/users/joshua/Snakebite/WHO EOR rasters/Pseudonaja_affinis.tif,1,1,AUS,1,few,excessive_historic,0,,,
207,Pseudonaja_aspidorhyncha,Pseudonaja_aspidorhyncha,http://apps.who.int/bloodproducts/snakeantivenoms/database/Images/SnakesDistribution/Large/map_Pseudonaja_aspidorhyncha.pdf,Z:/users/joshua/Snakebite/WHO EOR shapefiles/Pseudonaja_aspidorhyncha.shp,Z:/users/joshua/Snakebite/WHO EOR rasters/Pseudonaja_aspidorhyncha.tif,2,1,AUS,1,few,excessive_historic,0,,,
208,Pseudonaja_mengdeni,Pseudonaja_mengdeni,http://apps.who.int/bloodproducts/snakeantivenoms/database/Images/SnakesDistribution/Large/map_Pseudonaja_mengdeni.pdf,Z:/users/joshua/Snakebite/WHO EOR shapefiles/Pseudonaja_mengdeni.shp,Z:/users/joshua/Snakebite/WHO EOR rasters/Pseudonaja_mengdeni.tif,1,1,AUS,1,0,excessive_historic,0,,,
209,Pseudonaja_nuchalis,Pseudonaja_nuchalis,http://apps.who.int/bloodproducts/snakeantivenoms/database/Images/SnakesDistribution/Large/map_Pseudonaja_nuchalis.pdf,Z:/users/joshua/Snakebite/WHO EOR shapefiles/Pseudonaja_nuchalis.shp,Z:/users/joshua/Snakebite/WHO EOR rasters/Pseudonaja_nuchalis.tif,1,1,AUS,1,excessive,excessive_historic,0,,,
210,Pseudonaja_spp,Pseudonaja_guttata,http://apps.who.int/bloodproducts/snakeantivenoms/database/Images/SnakesDistribution/Large/map_Pseudonaja_spp.pdf,Z:/users/joshua/Snakebite/WHO EOR shapefiles/Pseudonaja_guttata.shp,Z:/users/joshua/Snakebite/WHO EOR rasters/Pseudonaja_guttata.tif,2,1,AUS,1,few,few_historic,0,,,
210,Pseudonaja_spp,Pseudonaja_ingrami,http://apps.who.int/bloodproducts/snakeantivenoms/database/Images/SnakesDistribution/Large/map_Pseudonaja_spp.pdf,Z:/users/joshua/Snakebite/WHO EOR shapefiles/Pseudonaja_ingrami.shp,Z:/users/joshua/Snakebite/WHO EOR rasters/Pseudonaja_ingrami.tif,2,1,AUS,1,0,few_historic,0,,,
210,Pseudonaja_spp,Pseudonaja_inframacula,http://apps.who.int/bloodproducts/snakeantivenoms/database/Images/SnakesDistribution/Large/map_Pseudonaja_spp.pdf,Z:/users/joshua/Snakebite/WHO EOR shapefiles/Pseudonaja_inframacula.shp,Z:/users/joshua/Snakebite/WHO EOR rasters/Pseudonaja_inframacula.tif,2,1,AUS,1,0,few_historic,0,,,
210,Pseudonaja_spp,Pseudonaja_tanneri,http://apps.who.int/bloodproducts/snakeantivenoms/database/Images/SnakesDistribution/Large/map_Pseudonaja_spp.pdf,Z:/users/joshua/Snakebite/WHO EOR shapefiles/Pseudonaja_tanneri.shp,Z:/users/joshua/Snakebite/WHO EOR rasters/Pseudonaja_tanneri.tif,2,1,AUS,0,0,0,1,,,
211,Pseudonaja_textilis,Pseudonaja_textilis,http://apps.who.int/bloodproducts/snakeantivenoms/database/Images/SnakesDistribution/Large/map_Pseudonaja_textilis.pdf,Z:/users/joshua/Snakebite/WHO EOR shapefiles/Pseudonaja_textilis.shp,Z:/users/joshua/Snakebite/WHO EOR rasters/Pseudonaja_textilis.tif,2,0,"AUS, IDN, PNG",1,few,excessive_historic,0,,,
212,Rhabdophis_tigrinus,Rhabdophis_tigrinus,http://apps.who.int/bloodproducts/snakeantivenoms/database/Images/SnakesDistribution/Large/map_Rhabdophis_tigrinus.pdf,Z:/users/joshua/Snakebite/WHO EOR shapefiles/Rhabdophis_tigrinus.shp,Z:/users/joshua/Snakebite/WHO EOR rasters/Rhabdophis_tigrinus.tif,2,1,"CHN, PRK, JPN, RUS, KOR",1,0,few_historic,0,,,
213,Sistrurus_catenatus,Sistrurus_catenatus,http://apps.who.int/bloodproducts/snakeantivenoms/database/Images/SnakesDistribution/Large/map_Sistrurus_catenatus.pdf,Z:/users/joshua/Snakebite/WHO EOR shapefiles/Sistrurus_catenatus.shp,Z:/users/joshua/Snakebite/WHO EOR rasters/Sistrurus_catenatus.tif,2,1,"CAN, USA, MEX",1,few,few_historic,0,,,
214,Sistrurus_miliarius,Sistrurus_miliarius,http://apps.who.int/bloodproducts/snakeantivenoms/database/Images/SnakesDistribution/Large/map_Sistrurus_miliarius.pdf,Z:/users/joshua/Snakebite/WHO EOR shapefiles/Sistrurus_miliarius.shp,Z:/users/joshua/Snakebite/WHO EOR rasters/Sistrurus_miliarius.tif,2,1,USA,1,few,few_historic,0,,,
215,Thelotornis_capensis,Thelotornis_capensis,http://apps.who.int/bloodproducts/snakeantivenoms/database/Images/SnakesDistribution/Large/map_Thelotornis_capensis.pdf,Z:/users/joshua/Snakebite/WHO EOR shapefiles/Thelotornis_capensis.shp,Z:/users/joshua/Snakebite/WHO EOR rasters/Thelotornis_capensis.tif,2,1,"AGO, BWA, COD, MWI, MOZ, NAM, SWZ, ZMB, ZWE, ZAF, TZA",1,few,few_historic,0,,,
216,Thelotornis_kirtlandii,Thelotornis_kirtlandii,http://apps.who.int/bloodproducts/snakeantivenoms/database/Images/SnakesDistribution/Large/map_Thelotornis_kirtlandii.pdf,Z:/users/joshua/Snakebite/WHO EOR shapefiles/Thelotornis_kirtlandii.shp,Z:/users/joshua/Snakebite/WHO EOR rasters/Thelotornis_kirtlandii.tif,2,1,"AGO, BDI, CMR, CAF, COG, CIV, COD, SSD, GNQ, GAB, GHA, GNB, GIN, LBR, NGA, RWA, SLE, TGO, UGA, TZA",1,excessive,few_historic,0,,,
217,Thelotornis_mossambicanus,Thelotornis_mossambicanus,http://apps.who.int/bloodproducts/snakeantivenoms/database/Images/SnakesDistribution/Large/map_Thelotornis_mossambicanus.pdf,Z:/users/joshua/Snakebite/WHO EOR shapefiles/Thelotornis_mossambicanus.shp,Z:/users/joshua/Snakebite/WHO EOR rasters/Thelotornis_mossambicanus.tif,2,1,"BDI, MWI, MOZ, SOM, ZMB, ZWE, TZA, KEN",1,few,0,0,,,
218,Thelotornis_usambaricus,Thelotornis_usambaricus,http://apps.who.int/bloodproducts/snakeantivenoms/database/Images/SnakesDistribution/Large/map_Thelotornis_usambaricus.pdf,Z:/users/joshua/Snakebite/WHO EOR shapefiles/Thelotornis_usambaricus.shp,Z:/users/joshua/Snakebite/WHO EOR rasters/Thelotornis_usambaricus.tif,2,1,"TZA, KEN",1,0,few_historic,0,,,
219,Trimeresurus_gramineus,Trimeresurus_gramineus,http://apps.who.int/bloodproducts/snakeantivenoms/database/Images/SnakesDistribution/Large/map_Trimeresurus_gramineus.pdf,Z:/users/joshua/Snakebite/WHO EOR shapefiles/Trimeresurus_gramineus.shp,Z:/users/joshua/Snakebite/WHO EOR rasters/Trimeresurus_gramineus.tif,2,1,IND,1,0,few_historic,0,,,
220,Trimeresurus_malabaricus,Trimeresurus_malabaricus,http://apps.who.int/bloodproducts/snakeantivenoms/database/Images/SnakesDistribution/Large/map_Trimeresurus_malabaricus.pdf,Z:/users/joshua/Snakebite/WHO EOR shapefiles/Trimeresurus_malabaricus.shp,Z:/users/joshua/Snakebite/WHO EOR rasters/Trimeresurus_malabaricus.tif,2,1,IND,1,0,few_historic,0,,,
221,Trimeresurus_trigonocephalus,Trimeresurus_trigonocephalus,http://apps.who.int/bloodproducts/snakeantivenoms/database/Images/SnakesDistribution/Large/map_Trimeresurus_trigonocephalus.pdf,Z:/users/joshua/Snakebite/WHO EOR shapefiles/Trimeresurus_tigonocephalus.shp,Z:/users/joshua/Snakebite/WHO EOR rasters/Trimeresurus_tigonocephalus.tif,2,1,LKA,0,0,0,0,,,
222,Tropidechis_carinatus,Tropidechis_carinatus,http://apps.who.int/bloodproducts/snakeantivenoms/database/Images/SnakesDistribution/Large/map_Tropidechis_carinatus.pdf,Z:/users/joshua/Snakebite/WHO EOR shapefiles/Tropidechis_carinatus.shp,Z:/users/joshua/Snakebite/WHO EOR rasters/Tropidechis_carinatus.tif,2,1,AUS,1,few,few_historic,0,,,
223,Tropidolaemus_philippensis,Tropidolaemus_philippensis,http://apps.who.int/bloodproducts/snakeantivenoms/database/Images/SnakesDistribution/Large/map_Tropidolaemus_philippensis.pdf,Z:/users/joshua/Snakebite/WHO EOR shapefiles/Tropidolaemus_philippensis.shp,Z:/users/joshua/Snakebite/WHO EOR rasters/Tropidolaemus_philippensis.tif,2,1,PHL,1,few,0,0,,,
224,Tropidolaemus_subannulatus,Tropidolaemus_subannulatus,http://apps.who.int/bloodproducts/snakeantivenoms/database/Images/SnakesDistribution/Large/map_Tropidolaemus_subannulatus.pdf,Z:/users/joshua/Snakebite/WHO EOR shapefiles/Tropidolaemus_subannulatus.shp,Z:/users/joshua/Snakebite/WHO EOR rasters/Tropidolaemus_subannulatus.tif,2,1,"BRN, MYS, IDN, PHL",1,few,few_historic,0,,,
225,Vipera_ammodytes,Vipera_ammodytes,http://apps.who.int/bloodproducts/snakeantivenoms/database/Images/SnakesDistribution/Large/map_Vipera_ammodytes.pdf,Z:/users/joshua/Snakebite/WHO EOR shapefiles/Vipera_ammodytes.shp,Z:/users/joshua/Snakebite/WHO EOR rasters/Vipera_ammodytes.tif,1,0,"ALB, AUT, BIH, BGR, HRV, GEO, GRC, ITA, ROU, SVN, MKD, TUR, MNE, SRB",1,few,few_historic,0,,,
226,Vipera_aspis,Vipera_aspis,http://apps.who.int/bloodproducts/snakeantivenoms/database/Images/SnakesDistribution/Large/map_Vipera_aspis.pdf,Z:/users/joshua/Snakebite/WHO EOR shapefiles/Vipera_aspis.shp,Z:/users/joshua/Snakebite/WHO EOR rasters/Vipera_aspis.tif,2,0,"AND, FRA, VAT, ITA, SMR, SVN, ESP, CHE",1,few,excessive_historic,0,,,
227,Vipera_berus,Vipera_berus,http://apps.who.int/bloodproducts/snakeantivenoms/database/Images/SnakesDistribution/Large/map_Vipera_berus.pdf,Z:/users/joshua/Snakebite/WHO EOR shapefiles/Vipera_berus.shp,Z:/users/joshua/Snakebite/WHO EOR rasters/Vipera_berus.tif,2,0,"ALB, AUT, BLR, BEL, BIH, BGR, CHN, HRV, CZE, PRK, DNK, EST, FIN, FRA, DEU, GRC, HUN, ITA, KAZ, LVA, LIE, LTU, LUX, MDA, MNG, NLD, NOR, POL, ROU, RUS, SVK, SVN, SWE, CHE, MKD, UKR, GBR, MNE, SRB",0,0,0,1,,,
228,Vipera_eriwanensis,Vipera_eriwanensis,http://apps.who.int/bloodproducts/snakeantivenoms/database/Images/SnakesDistribution/Large/map_Vipera_eriwanensis.pdf,Z:/users/joshua/Snakebite/WHO EOR shapefiles/Vipera_eriwanensis.shp,Z:/users/joshua/Snakebite/WHO EOR rasters/Vipera_eriwanensis.tif,2,1,"ARM, AZE, TUR",0,0,0,0,,,
229,Vipera_latastei,Vipera_latastei,http://apps.who.int/bloodproducts/snakeantivenoms/database/Images/SnakesDistribution/Large/map_Vipera_latastei.pdf,Z:/users/joshua/Snakebite/WHO EOR shapefiles/Vipera_latastei.shp,Z:/users/joshua/Snakebite/WHO EOR rasters/Vipera_latastei.tif,2,1,"DZA, MAR, PRT, ESP",1,few,excessive_historic,0,,,
230,Vipera_nikolskii,Vipera_nikolskii,http://apps.who.int/bloodproducts/snakeantivenoms/database/Images/SnakesDistribution/Large/map_Vipera_nikolskii.pdf,Z:/users/joshua/Snakebite/WHO EOR shapefiles/Vipera_nikolskii.shp,Z:/users/joshua/Snakebite/WHO EOR rasters/Vipera_nikolskii.tif,2,1,"MDA, RUS, UKR",0,0,0,1,,,
231,Vipera_renardi,Vipera_renardi,http://apps.who.int/bloodproducts/snakeantivenoms/database/Images/SnakesDistribution/Large/map_Vipera_renardi.pdf,Z:/users/joshua/Snakebite/WHO EOR shapefiles/Vipera_renardi.shp,Z:/users/joshua/Snakebite/WHO EOR rasters/Vipera_renardi.tif,2,1,"AZE, CHN, KAZ, KGZ, RUS, TJK, UKR, UZB",1,few,few_historic,0,,,
232,Vipera_seoanei,Vipera_seoanei,http://apps.who.int/bloodproducts/snakeantivenoms/database/Images/SnakesDistribution/Large/map_Vipera_seoanei.pdf,Z:/users/joshua/Snakebite/WHO EOR shapefiles/Vipera_seonei.shp,Z:/users/joshua/Snakebite/WHO EOR rasters/Vipera_seonei.tif,2,1,"FRA, PRT, ESP",1,0,few_historic,0,,,
233,Vipera_spp,Vipera_kaznakovi,http://apps.who.int/bloodproducts/snakeantivenoms/database/Images/SnakesDistribution/Large/map_Vipera_spp.pdf,Z:/users/joshua/Snakebite/WHO EOR shapefiles/Vipera_kaznakovi.shp,Z:/users/joshua/Snakebite/WHO EOR rasters/Vipera_kaznakovi.tif,2,1,"GEO, RUS, TUR",1,few,few_historic,0,,,
233,Vipera_spp,Vipera_lotievi,http://apps.who.int/bloodproducts/snakeantivenoms/database/Images/SnakesDistribution/Large/map_Vipera_spp.pdf,Z:/users/joshua/Snakebite/WHO EOR shapefiles/Vipera_lotievi.shp,Z:/users/joshua/Snakebite/WHO EOR rasters/Vipera_lotievi.tif,2,1,"AZE, GEO, RUS",0,0,0,1,,,
233,Vipera_spp,Vipera_darevskii,http://apps.who.int/bloodproducts/snakeantivenoms/database/Images/SnakesDistribution/Large/map_Vipera_spp.pdf,Z:/users/joshua/Snakebite/WHO EOR shapefiles/Vipera_darevskii.shp,Z:/users/joshua/Snakebite/WHO EOR rasters/Vipera_darevskii.tif,2,1,"ARM, GEO, TUR",0,0,0,0,,,
233,Vipera_spp,Vipera_ebneri,http://apps.who.int/bloodproducts/snakeantivenoms/database/Images/SnakesDistribution/Large/map_Vipera_spp.pdf,Z:/users/joshua/Snakebite/WHO EOR shapefiles/Vipera_ebneri.shp,Z:/users/joshua/Snakebite/WHO EOR rasters/Vipera_ebneri.tif,2,1,"AZE, IRN",0,0,0,1,,,
234,Vipera_ursinii,Vipera_ursinii,http://apps.who.int/bloodproducts/snakeantivenoms/database/Images/SnakesDistribution/Large/map_Vipera_ursinii.pdf,Z:/users/joshua/Snakebite/WHO EOR shapefiles/Vipera_ursinii.shp,Z:/users/joshua/Snakebite/WHO EOR rasters/Vipera_ursinii.tif,2,1,"ALB, BIH, BGR, HRV, FRA, GRC, HUN, ITA, MDA, ROU, SVN, UKR, MNE, SRB",0,0,0,1,,,
235,Viridovipera_stejnegeri,Viridovipera_stejnegeri,http://apps.who.int/bloodproducts/snakeantivenoms/database/Images/SnakesDistribution/Large/map_Viridovipera_stejnegeri.pdf,Z:/users/joshua/Snakebite/WHO EOR shapefiles/Viridovipera_stejnegeri.shp,Z:/users/joshua/Snakebite/WHO EOR rasters/Viridovipera_stejnegeri.tif,2,0,"CHN, VNM",0,0,0,1,,Trimeresurus_stejnegeri,
236,Walterinnesia_aegyptia,Walterinnesia_aegyptia,http://apps.who.int/bloodproducts/snakeantivenoms/database/Images/SnakesDistribution/Large/map_Walterinnesia_aegyptia.pdf,Z:/users/joshua/Snakebite/WHO EOR shapefiles/Walterinnesia_aegyptia.shp,Z:/users/joshua/Snakebite/WHO EOR rasters/Walterinnesia_aegyptia.tif,2,1,"ISR, JOR, SAU, EGY",1,0,few_historic,0,,,
237,Walterinnesia_morgani,Walterinnesia_morgani,http://apps.who.int/bloodproducts/snakeantivenoms/database/Images/SnakesDistribution/Large/map_Walterinnesia_morgani.pdf,Z:/users/joshua/Snakebite/WHO EOR shapefiles/Walterinnesia_morgani.shp,Z:/users/joshua/Snakebite/WHO EOR rasters/Walterinnesia_morgani.tif,2,1,"IRN, IRQ, KWT, SAU, SYR, TUR",0,0,0,1,,,
2016_1,Acanthophis_cryptamydros,Acanthophis_cryptamydros,,,,2,1,AUS,,,,,,,
2016_2,Agkistrodon_howardgloydi,Agkistrodon_howardgloydi,,,,2,1,"CRI, HND, NIC",,,,,Agkistrodon_bilineatus_howardgloydi,,
2016_3,Agkistrodon_russeolus,Agkistrodon_russeolus,,,,2,1,"MEX, BLZ, GTM",,,,,Agkistrodon_bilineatus_russeolus,,
2016_4,Atropoides_occiduus,Atropoides_occiduus,,,,2,1,"MEX, GTM, SLV",,,,,,,
2016_5,Bitis_harenna,Bitis_harenna,,,,2,1,ETH,,,,,,,New species
2016_6,Bungarus_persicus,Bungarus_persicus,,,,2,1,IRN,,,,,,,New species
2016_7,Cerrophidion_sasai,Cerrophidion_sasai,,,,2,1,"CRI, PAN",,,,,Cerrophdion_godmani,,Previously part of Cerrophdion godmani
2016_8,Cerrophidion_wilsoni,Cerrophidion_wilsoni,,,,2,1,"SLV, HND",,,,,Cerrophdion_godmani,,Previously part of Cerrophidion godmani
2016_9,Crotalus_ornatus,Crotalus_ornatus,,,,2,1,USA,,,,,Crotalus_molossus,,Previously considered part of Crotalus molossus
2016_10,Eristicophis_macmahonii,Eristicophis_macmahonii,,,,2,1,"IRN, AFG, PAK",,,,,,,
2016_11,Gloydius_blomhoffii,Gloydius_blomhoffii,,,,1,1,JPN,,,,,,,
2016_12,Hypnale_zara,Hypnale_zara,,,,2,1,LKA,,,,,,,New species
2016_13,Lachesis_stenophrys,Lachesis_stenophrys,,,,2,1,"CRI, NIC, PAN",,,,,,,
2016_14,Ophiopahgus_hannah,Ophiopahgus_hannah,,,,2,1,SGP,,,,,,,
2016_15,Trimeresurus_cardamomensis,Trimeresurus_cardamomensis,,,,2,1,KHM,,,,,,,Previously part of Trimeresurus macrops (Cryptelytrops macrops)
2016_16,Trimeresurus_hageni,Trimeresurus_hageni,,,,2,1,"THA, MYS",,,,,,,
2016_17,Trimeresurus_rubeus,Trimeresurus_rubeus,,,,2,1,VNM,,,,,,,Previously part of Trimeresurus macrops (Cryptelytrops macrops)
